date,CN AAA 5 spot,CN AA minus 5 spot
2006-03-01,2.96,
2006-03-02,3.1071,
2006-03-03,2.9381,
2006-03-06,3.1329,
2006-03-07,2.9368,
2006-03-08,2.936,
2006-03-09,3.0405,
2006-03-10,3.0523,
2006-03-13,3.0663,
2006-03-14,3.0531,
2006-03-15,3.0523,
2006-03-16,3.0392,
2006-03-17,3.013,
2006-03-20,3.0258,
2006-03-21,3.013,
2006-03-23,3.1701,
2006-03-24,3.1573,
2006-03-28,3.2677,
2006-03-29,3.2601,
2006-03-30,3.0069,
2006-03-31,3.1384,
2006-04-03,3.0184,
2006-04-04,3.0332,
2006-04-05,3.0454,
2006-04-06,3.0335,
2006-04-07,3.0313,
2006-04-10,3.1416,
2006-04-11,3.1572,
2006-04-12,3.1626,
2006-04-13,3.1601,
2006-04-14,3.1731,
2006-04-17,3.1619,
2006-04-18,3.2355,
2006-04-19,3.263,
2006-04-20,3.2969,
2006-04-21,3.2973,
2006-04-24,3.2968,
2006-04-25,3.3544,
2006-04-26,3.3773,
2006-04-27,3.3539,
2006-04-28,3.3577,
2006-04-29,3.2634,
2006-04-30,3.2411,
2006-05-08,3.2766,
2006-05-09,3.2544,
2006-05-10,3.251,
2006-05-11,3.2732,
2006-05-12,3.2965,
2006-05-15,3.2962,
2006-05-16,3.2961,
2006-05-17,3.2738,
2006-05-18,3.2966,
2006-05-19,3.273,
2006-05-22,3.2849,
2006-05-23,3.319,
2006-05-24,3.2959,
2006-05-25,3.3082,
2006-05-26,3.3082,
2006-05-29,3.3308,
2006-05-30,3.3423,
2006-05-31,3.354,
2006-06-01,3.3771,
2006-06-02,3.388,
2006-06-05,3.4107,
2006-06-06,3.4091,
2006-06-07,3.4434,
2006-06-08,3.4315,
2006-06-09,3.4074,
2006-06-12,3.4405,
2006-06-13,3.4824,
2006-06-14,3.4603,
2006-06-15,3.4995,
2006-06-16,3.5669,
2006-06-19,3.5776,
2006-06-20,3.6537,
2006-06-21,3.6617,
2006-06-22,3.6849,
2006-06-23,3.6607,
2006-06-26,3.6746,
2006-06-27,3.6982,
2006-06-28,3.721,
2006-06-29,3.704,
2006-06-30,3.6862,
2006-07-03,3.6862,
2006-07-04,3.6859,
2006-07-05,3.6859,
2006-07-06,3.71,
2006-07-07,3.6875,
2006-07-10,3.5911,
2006-07-11,3.561,
2006-07-12,3.5695,
2006-07-13,3.6152,
2006-07-14,3.6433,
2006-07-17,3.6398,
2006-07-18,3.6404,
2006-07-19,3.6629,
2006-07-20,3.6744,
2006-07-21,3.6857,
2006-07-24,3.7432,
2006-07-25,3.7751,
2006-07-26,3.809,
2006-07-27,3.8316,
2006-07-28,3.8537,
2006-07-31,3.8388,
2006-08-01,3.8398,
2006-08-02,3.852,
2006-08-03,3.8423,
2006-08-04,3.8429,
2006-08-07,3.8431,
2006-08-08,3.8426,
2006-08-09,3.8427,
2006-08-10,3.8435,
2006-08-11,3.8499,
2006-08-14,3.8331,
2006-08-15,3.8101,
2006-08-16,3.7647,
2006-08-17,3.7367,
2006-08-18,3.7493,
2006-08-21,3.823,
2006-08-22,3.8191,
2006-08-23,3.811,
2006-08-24,3.7612,
2006-08-25,3.7475,
2006-08-28,3.7499,
2006-08-29,3.7532,
2006-08-30,3.7475,
2006-08-31,3.7419,
2006-09-01,3.7455,
2006-09-04,3.7418,
2006-09-05,3.7094,
2006-09-06,3.6891,
2006-09-07,3.6775,
2006-09-08,3.6823,
2006-09-11,3.6569,
2006-09-12,3.5833,
2006-09-13,3.5713,
2006-09-14,3.5838,
2006-09-15,3.5488,
2006-09-18,3.5069,
2006-09-19,3.4974,
2006-09-20,3.4181,
2006-09-21,3.358,
2006-09-22,3.4969,
2006-09-25,3.4977,
2006-09-26,3.5183,
2006-09-27,3.5215,
2006-09-28,3.5206,
2006-09-29,3.5204,
2006-09-30,3.5197,
2006-10-08,3.5162,
2006-10-09,3.6143,
2006-10-10,3.6177,
2006-10-11,3.6172,
2006-10-12,3.7306,
2006-10-13,3.7092,
2006-10-16,3.6969,
2006-10-17,3.7106,
2006-10-18,3.6974,
2006-10-19,3.699,
2006-10-20,3.7002,
2006-10-23,3.7136,
2006-10-24,3.712,
2006-10-25,3.7123,
2006-10-26,3.666,
2006-10-27,3.6657,
2006-10-30,3.6656,
2006-10-31,3.6647,
2006-11-01,3.6786,
2006-11-02,3.5851,
2006-11-03,3.5725,
2006-11-06,3.61,
2006-11-07,3.6148,
2006-11-08,3.6147,
2006-11-09,3.6211,
2006-11-10,3.6227,
2006-11-13,3.6224,
2006-11-14,3.6222,
2006-11-15,3.6351,
2006-11-16,3.6349,
2006-11-17,3.6603,
2006-11-20,3.7106,
2006-11-21,3.7275,
2006-11-22,3.7309,
2006-11-23,3.7387,
2006-11-24,3.7292,
2006-11-27,3.7321,
2006-11-28,3.7213,
2006-11-29,3.7221,
2006-11-30,3.7162,
2006-12-01,3.7097,
2006-12-04,3.6705,
2006-12-05,3.6574,
2006-12-06,3.6757,
2006-12-07,3.6811,
2006-12-08,3.7233,
2006-12-11,3.7088,
2006-12-12,3.7167,
2006-12-13,3.7183,
2006-12-14,3.6975,
2006-12-15,3.6993,
2006-12-18,3.7202,
2006-12-19,3.7203,
2006-12-20,3.7315,
2006-12-21,3.7211,
2006-12-22,3.7847,
2006-12-25,3.7852,
2006-12-26,3.7852,
2006-12-27,3.7853,
2006-12-28,3.7852,
2006-12-29,3.7844,
2006-12-30,3.7839,
2006-12-31,3.7786,
2007-01-04,3.7732,
2007-01-05,3.733,
2007-01-08,3.7552,
2007-01-09,3.728,
2007-01-10,3.7282,
2007-01-11,3.7184,
2007-01-12,3.7348,
2007-01-15,3.7515,
2007-01-16,3.7233,
2007-01-17,3.7042,
2007-01-18,3.7225,
2007-01-19,3.722,
2007-01-22,3.7352,
2007-01-23,3.7464,
2007-01-24,3.7504,
2007-01-25,3.7448,
2007-01-26,3.7512,
2007-01-29,3.7688,
2007-01-30,3.8099,
2007-01-31,3.8326,
2007-02-01,3.859,
2007-02-02,3.8862,
2007-02-05,3.8531,
2007-02-06,3.8905,
2007-02-07,3.8909,
2007-02-08,3.8751,
2007-02-09,3.909,
2007-02-12,3.9135,
2007-02-13,3.9015,
2007-02-14,3.9143,
2007-02-15,3.9164,
2007-02-16,3.809,
2007-02-17,3.8223,
2007-02-25,3.8103,
2007-02-26,3.8089,
2007-02-27,3.8345,
2007-02-28,3.8352,
2007-03-01,3.8357,
2007-03-02,3.8588,
2007-03-05,3.8584,
2007-03-06,3.816,
2007-03-07,3.8157,
2007-03-08,3.8005,
2007-03-09,3.813,
2007-03-12,3.7784,
2007-03-13,3.7784,
2007-03-14,3.7784,
2007-03-15,3.7784,
2007-03-16,3.7777,
2007-03-19,3.7982,
2007-03-20,3.8184,
2007-03-21,3.8192,
2007-03-22,3.8298,
2007-03-23,3.8349,
2007-03-26,3.8297,
2007-03-27,3.8296,
2007-03-28,3.8294,
2007-03-29,3.8291,
2007-03-30,3.8298,
2007-04-02,3.8343,
2007-04-03,3.8365,
2007-04-04,3.8395,
2007-04-05,3.8321,
2007-04-06,3.8391,
2007-04-09,3.8596,
2007-04-10,3.8589,
2007-04-11,3.8583,
2007-04-12,3.8586,
2007-04-13,3.8653,
2007-04-16,3.8903,
2007-04-17,3.9029,
2007-04-18,3.906,
2007-04-19,3.9109,
2007-04-20,3.9232,
2007-04-23,3.9272,
2007-04-24,3.9312,
2007-04-25,3.9476,
2007-04-26,3.962,
2007-04-27,3.9616,
2007-04-28,3.9416,
2007-04-29,3.91,
2007-04-30,3.8998,
2007-05-08,3.9049,
2007-05-09,3.91,
2007-05-10,3.9306,
2007-05-11,3.9414,
2007-05-14,3.9407,
2007-05-15,3.9468,
2007-05-16,3.9509,
2007-05-17,3.9714,
2007-05-18,3.9827,
2007-05-21,4.0645,
2007-05-22,4.0831,
2007-05-23,4.0955,
2007-05-24,4.0846,
2007-05-25,4.067,
2007-05-28,4.0693,
2007-05-29,4.0208,
2007-05-30,4.0159,
2007-05-31,4.0127,
2007-06-01,4.0136,
2007-06-04,4.0158,
2007-06-05,4.0398,
2007-06-06,4.047,
2007-06-07,4.0521,
2007-06-08,4.0896,
2007-06-11,4.1464,
2007-06-12,4.1596,
2007-06-13,4.1816,
2007-06-14,4.2202,
2007-06-15,4.2207,
2007-06-18,4.2358,
2007-06-19,4.2568,
2007-06-20,4.3006,
2007-06-21,4.3607,
2007-06-22,4.3387,
2007-06-25,4.3387,
2007-06-26,4.4165,
2007-06-27,4.4587,
2007-06-28,4.5107,
2007-06-29,4.5169,
2007-07-02,4.5326,
2007-07-03,4.5782,
2007-07-04,4.5706,
2007-07-05,4.5575,
2007-07-06,4.5783,
2007-07-09,4.6,
2007-07-10,4.6205,
2007-07-11,4.6315,
2007-07-12,4.6309,
2007-07-13,4.6343,
2007-07-16,4.6466,
2007-07-17,4.6312,
2007-07-18,4.6312,
2007-07-19,4.6323,
2007-07-20,4.8038,
2007-07-23,4.8206,
2007-07-24,4.8473,
2007-07-25,4.8415,
2007-07-26,4.8161,
2007-07-27,4.8383,
2007-07-30,4.8312,
2007-07-31,4.9052,
2007-08-01,4.911,
2007-08-02,4.977,
2007-08-03,5.0225,
2007-08-06,5.0284,
2007-08-07,5.0718,
2007-08-08,5.082,
2007-08-09,5.0845,
2007-08-10,5.0855,
2007-08-13,5.0859,
2007-08-14,5.0869,
2007-08-15,5.1091,
2007-08-16,5.1091,
2007-08-17,5.1164,
2007-08-20,5.1264,
2007-08-21,5.1185,
2007-08-22,5.1669,
2007-08-23,5.1702,
2007-08-24,5.1418,
2007-08-27,5.224,
2007-08-28,5.1557,
2007-08-29,5.1598,
2007-08-30,5.167,
2007-08-31,5.1603,
2007-09-03,5.1695,
2007-09-04,5.1655,
2007-09-05,5.1718,
2007-09-06,5.1743,
2007-09-07,5.184,
2007-09-10,5.1833,
2007-09-11,5.1934,
2007-09-12,5.214,
2007-09-13,5.199,
2007-09-14,5.5159,
2007-09-17,5.5567,
2007-09-18,5.5928,
2007-09-19,5.5637,
2007-09-20,5.6037,
2007-09-21,5.5781,
2007-09-24,5.5765,
2007-09-25,5.4771,
2007-09-26,5.4622,
2007-09-27,5.4467,
2007-09-28,5.3603,
2007-09-29,5.3607,
2007-09-30,5.3639,
2007-10-08,5.3287,
2007-10-09,5.3139,
2007-10-10,5.3244,
2007-10-11,5.3168,
2007-10-12,5.3609,
2007-10-15,5.3877,
2007-10-16,5.3932,
2007-10-17,5.4187,
2007-10-18,5.4391,
2007-10-19,5.4493,
2007-10-22,5.4599,
2007-10-23,5.4709,
2007-10-24,5.4669,
2007-10-25,5.4489,
2007-10-26,5.46,
2007-10-29,5.4503,
2007-10-30,5.4297,
2007-10-31,5.4079,
2007-11-01,5.4184,
2007-11-02,5.4519,
2007-11-05,5.4416,
2007-11-06,5.4294,
2007-11-07,5.4383,
2007-11-08,5.5043,
2007-11-09,5.5144,
2007-11-12,5.5251,
2007-11-13,5.5298,
2007-11-14,5.5405,
2007-11-15,5.5441,
2007-11-16,5.5546,
2007-11-19,5.5653,
2007-11-20,5.5758,
2007-11-21,5.5952,
2007-11-22,5.6161,
2007-11-23,5.6265,
2007-11-26,5.6158,
2007-11-27,5.6474,
2007-11-28,5.658,
2007-11-29,5.6676,
2007-11-30,5.6572,
2007-12-03,5.6677,
2007-12-04,5.6568,
2007-12-05,5.6516,
2007-12-06,5.6438,
2007-12-07,5.6328,
2007-12-10,5.6323,
2007-12-11,5.6437,
2007-12-12,5.6291,
2007-12-13,5.6398,
2007-12-14,5.6267,
2007-12-17,5.6219,
2007-12-18,5.6161,
2007-12-19,5.6124,
2007-12-20,5.6163,
2007-12-21,5.6378,
2007-12-24,5.6439,
2007-12-25,5.6139,
2007-12-26,5.6257,
2007-12-27,5.6382,
2007-12-28,5.6601,
2007-12-29,5.66,
2008-01-02,5.671,
2008-01-03,5.6916,
2008-01-04,5.6874,
2008-01-07,5.6863,
2008-01-08,5.6846,
2008-01-09,5.6829,
2008-01-10,5.6919,
2008-01-11,5.7687,
2008-01-14,5.7733,
2008-01-15,5.8043,
2008-01-16,5.8011,
2008-01-17,5.8007,
2008-01-18,5.8013,
2008-01-21,5.8035,
2008-01-22,5.7988,
2008-01-23,5.7449,
2008-01-24,5.7056,
2008-01-25,5.6731,
2008-01-28,5.6166,
2008-01-29,5.6104,
2008-01-30,5.5887,
2008-01-31,5.5562,
2008-02-01,5.4573,
2008-02-02,5.4539,
2008-02-03,5.4487,
2008-02-04,5.4562,
2008-02-05,5.4565,
2008-02-13,5.4453,
2008-02-14,5.4218,
2008-02-15,5.4124,
2008-02-18,5.4235,
2008-02-19,5.4443,
2008-02-20,5.4775,
2008-02-21,5.4393,
2008-02-22,5.4277,
2008-02-25,5.4161,
2008-02-26,5.4045,
2008-02-27,5.4317,
2008-02-28,5.4305,
2008-02-29,5.4747,
2008-03-03,5.4962,
2008-03-04,5.4993,
2008-03-05,5.5176,
2008-03-06,5.5349,
2008-03-07,5.5191,
2008-03-10,5.5202,
2008-03-11,5.5184,
2008-03-12,5.5179,
2008-03-13,5.4952,
2008-03-14,5.4977,
2008-03-17,5.4987,
2008-03-18,5.4979,
2008-03-19,5.4836,
2008-03-20,5.4618,
2008-03-21,5.4466,
2008-03-24,5.4477,
2008-03-25,5.3937,
2008-03-26,5.3973,
2008-03-27,5.3745,
2008-03-28,5.3524,
2008-03-31,5.3742,
2008-04-01,5.3777,
2008-04-02,5.3683,
2008-04-03,5.3564,
2008-04-07,5.3798,
2008-04-08,5.4222,
2008-04-09,5.4445,
2008-04-10,5.4439,
2008-04-11,5.4371,
2008-04-14,5.4267,
2008-04-15,5.4271,
2008-04-16,5.4307,
2008-04-17,5.4084,
2008-04-18,5.3871,
2008-04-21,5.3641,
2008-04-22,5.4024,
2008-04-23,5.4028,
2008-04-24,5.4235,
2008-04-25,5.4225,
2008-04-28,5.4251,
2008-04-29,5.4254,
2008-04-30,5.4688,
2008-05-04,5.4271,
2008-05-05,5.4365,
2008-05-06,5.4421,
2008-05-07,5.5144,
2008-05-08,5.4867,
2008-05-09,5.4625,
2008-05-12,5.4882,
2008-05-13,5.5051,
2008-05-14,5.503,
2008-05-15,5.5032,
2008-05-16,5.507,
2008-05-19,5.5303,
2008-05-20,5.533,
2008-05-21,5.5343,
2008-05-22,5.5342,
2008-05-23,5.529,
2008-05-26,5.5184,
2008-05-27,5.5238,
2008-05-28,5.5215,
2008-05-29,5.5212,
2008-05-30,5.5192,
2008-06-02,5.5011,
2008-06-03,5.4972,
2008-06-04,5.5137,
2008-06-05,5.5139,
2008-06-06,5.5158,
2008-06-10,5.5724,
2008-06-11,5.6304,
2008-06-12,5.6054,
2008-06-13,5.6515,
2008-06-16,5.6247,
2008-06-17,5.6397,
2008-06-18,5.6825,
2008-06-19,5.6622,
2008-06-20,5.6669,
2008-06-23,5.673,
2008-06-24,5.6845,
2008-06-25,5.6681,
2008-06-26,5.6624,
2008-06-27,5.7075,
2008-06-30,5.6866,
2008-07-01,5.6789,
2008-07-02,5.6581,
2008-07-03,5.6444,
2008-07-04,5.6571,
2008-07-07,5.6726,
2008-07-08,5.6728,
2008-07-09,5.6563,
2008-07-10,5.6576,
2008-07-11,5.6402,
2008-07-14,5.64,
2008-07-15,5.6409,
2008-07-16,5.6294,
2008-07-17,5.6297,
2008-07-18,5.5925,
2008-07-21,5.5761,
2008-07-22,5.5756,
2008-07-23,5.6242,
2008-07-24,5.6576,
2008-07-25,5.6916,
2008-07-28,5.7167,
2008-07-29,5.7056,
2008-07-30,5.7859,
2008-07-31,5.83,
2008-08-01,5.8635,
2008-08-04,5.8977,
2008-08-05,5.8982,
2008-08-06,5.8923,
2008-08-07,5.9024,
2008-08-08,5.8937,
2008-08-11,5.9064,
2008-08-12,5.859,
2008-08-13,5.843,
2008-08-14,5.8368,
2008-08-15,5.8175,
2008-08-18,5.7994,
2008-08-19,5.7678,
2008-08-20,5.7576,
2008-08-21,5.6854,
2008-08-22,5.6739,
2008-08-25,5.6944,
2008-08-26,5.6885,
2008-08-27,5.6575,
2008-08-28,5.6408,
2008-08-29,5.6755,
2008-09-01,5.658,
2008-09-02,5.6746,
2008-09-03,5.6319,
2008-09-04,5.6172,
2008-09-05,5.6289,
2008-09-08,5.6232,
2008-09-09,5.592,
2008-09-10,5.5608,
2008-09-11,5.5272,
2008-09-12,5.4439,
2008-09-16,5.4058,
2008-09-17,5.3472,
2008-09-18,5.3987,
2008-09-19,5.452,
2008-09-22,5.3482,
2008-09-23,5.2445,
2008-09-24,5.1408,
2008-09-25,5.0883,
2008-09-26,5.0692,
2008-09-27,5.0524,
2008-09-28,5.0531,
2008-10-06,4.9962,
2008-10-07,4.9131,
2008-10-08,4.6491,
2008-10-09,4.5948,
2008-10-10,4.5706,
2008-10-13,4.5804,
2008-10-14,4.5547,
2008-10-15,4.4506,
2008-10-16,4.3437,
2008-10-17,4.2908,
2008-10-20,4.2109,
2008-10-21,4.1813,
2008-10-22,4.1385,
2008-10-23,4.2084,
2008-10-24,4.2118,
2008-10-27,4.2137,
2008-10-28,4.2216,
2008-10-29,4.2196,
2008-10-30,4.1777,
2008-10-31,4.154,
2008-11-03,4.1645,
2008-11-04,4.1686,
2008-11-05,4.1697,
2008-11-06,4.1863,
2008-11-07,4.1892,
2008-11-10,4.076,
2008-11-11,4.0833,
2008-11-12,3.9734,
2008-11-13,3.9123,
2008-11-14,3.99,
2008-11-17,3.8909,
2008-11-18,3.8415,
2008-11-19,3.9018,
2008-11-20,3.8777,
2008-11-21,3.8362,
2008-11-24,3.8458,
2008-11-25,3.868,
2008-11-26,3.7734,
2008-11-27,3.605,
2008-11-28,3.6755,
2008-12-01,3.6373,
2008-12-02,3.6598,
2008-12-03,3.6178,
2008-12-04,3.64,
2008-12-05,3.6446,
2008-12-08,3.571,
2008-12-09,3.6525,
2008-12-10,3.6103,
2008-12-11,3.6312,
2008-12-12,3.597,
2008-12-15,3.637,
2008-12-16,3.6331,
2008-12-17,3.4758,
2008-12-18,3.4179,
2008-12-19,3.3821,
2008-12-22,3.3914,
2008-12-23,3.3826,
2008-12-24,3.4056,
2008-12-25,3.4745,
2008-12-26,3.4731,
2008-12-29,3.4757,
2008-12-30,3.4781,
2008-12-31,3.4805,
2009-01-04,3.4106,
2009-01-05,3.4416,
2009-01-06,3.475,
2009-01-07,3.4541,
2009-01-08,3.4124,
2009-01-09,3.3749,
2009-01-12,3.4148,
2009-01-13,3.4138,
2009-01-14,3.4826,
2009-01-15,3.6731,
2009-01-16,3.632,
2009-01-19,3.6863,
2009-01-20,3.7965,
2009-01-21,3.8434,
2009-01-22,3.6439,
2009-01-23,3.6176,
2009-01-24,3.6323,
2009-02-01,3.6458,
2009-02-02,3.6439,
2009-02-03,3.7742,
2009-02-04,3.8923,
2009-02-05,3.8853,
2009-02-06,3.8537,
2009-02-09,3.8101,
2009-02-10,3.7794,
2009-02-11,3.78,
2009-02-12,3.6679,
2009-02-13,3.6203,
2009-02-16,3.5843,
2009-02-17,3.6598,
2009-02-18,3.6618,
2009-02-19,3.5766,
2009-02-20,3.5754,
2009-02-23,3.5785,
2009-02-24,3.5741,
2009-02-25,3.5203,
2009-02-26,3.5611,
2009-02-27,3.5168,
2009-03-02,3.4829,
2009-03-03,3.4573,
2009-03-04,3.4783,
2009-03-05,3.493,
2009-03-06,3.4344,
2009-03-09,3.4311,
2009-03-10,3.4487,
2009-03-11,3.4725,
2009-03-12,3.3942,
2009-03-13,3.4331,
2009-03-16,3.4075,
2009-03-17,3.433,
2009-03-18,3.455,
2009-03-19,3.4332,
2009-03-20,3.4662,
2009-03-23,3.4457,
2009-03-24,3.5003,
2009-03-25,3.505,
2009-03-26,3.4521,
2009-03-27,3.4304,
2009-03-30,3.4437,
2009-03-31,3.4686,
2009-04-01,3.485,
2009-04-02,3.4965,
2009-04-03,3.5488,
2009-04-07,3.6044,
2009-04-08,3.6953,
2009-04-09,3.7105,
2009-04-10,3.711,
2009-04-13,3.7519,
2009-04-14,3.7462,
2009-04-15,3.7816,
2009-04-16,3.7533,
2009-04-17,3.6837,
2009-04-20,3.6465,
2009-04-21,3.6889,
2009-04-22,3.7116,
2009-04-23,3.7975,
2009-04-24,3.8324,
2009-04-27,3.8196,
2009-04-28,3.8409,
2009-04-29,3.802,
2009-04-30,3.8029,
2009-05-04,3.8042,
2009-05-05,3.7744,
2009-05-06,3.7917,
2009-05-07,3.8157,
2009-05-08,3.7938,
2009-05-11,3.7922,
2009-05-12,3.792,
2009-05-13,3.7921,
2009-05-14,3.7951,
2009-05-15,3.7567,
2009-05-18,3.7627,
2009-05-19,3.711,
2009-05-20,3.6672,
2009-05-21,3.6459,
2009-05-22,3.6121,
2009-05-25,3.6129,
2009-05-26,3.6126,
2009-05-27,3.6121,
2009-05-31,3.5961,
2009-06-01,3.635,
2009-06-02,3.6353,
2009-06-03,3.6291,
2009-06-04,3.6756,
2009-06-05,3.68,
2009-06-08,3.688,
2009-06-09,3.6923,
2009-06-10,3.698,
2009-06-11,3.6868,
2009-06-12,3.691,
2009-06-15,3.7072,
2009-06-16,3.7079,
2009-06-17,3.703,
2009-06-18,3.7262,
2009-06-19,3.7298,
2009-06-22,3.7294,
2009-06-23,3.7476,
2009-06-24,3.7504,
2009-06-25,3.752,
2009-06-26,3.7202,
2009-06-29,3.7423,
2009-06-30,3.7393,
2009-07-01,3.7465,
2009-07-02,3.7513,
2009-07-03,3.7552,
2009-07-06,3.8041,
2009-07-07,3.8251,
2009-07-08,3.7913,
2009-07-09,3.839,
2009-07-10,3.88,
2009-07-13,3.9198,
2009-07-14,3.9422,
2009-07-15,4.0061,
2009-07-16,4.0805,
2009-07-17,4.1211,
2009-07-20,4.1012,
2009-07-21,4.125,
2009-07-22,4.1172,
2009-07-23,4.1256,
2009-07-24,4.1129,
2009-07-27,4.1006,
2009-07-28,4.1304,
2009-07-29,4.1287,
2009-07-30,4.1293,
2009-07-31,4.1698,
2009-08-03,4.2112,
2009-08-04,4.2227,
2009-08-05,4.2177,
2009-08-06,4.2029,
2009-08-07,4.2131,
2009-08-10,4.248,
2009-08-11,4.2864,
2009-08-12,4.2937,
2009-08-13,4.2925,
2009-08-14,4.2921,
2009-08-17,4.2895,
2009-08-18,4.2885,
2009-08-19,4.288,
2009-08-20,4.2887,
2009-08-21,4.2915,
2009-08-24,4.3015,
2009-08-25,4.3047,
2009-08-26,4.3055,
2009-08-27,4.3149,
2009-08-28,4.3164,
2009-08-31,4.3099,
2009-09-01,4.3054,
2009-09-02,4.3067,
2009-09-03,4.3062,
2009-09-04,4.3807,
2009-09-07,4.4229,
2009-09-08,4.3651,
2009-09-09,4.3664,
2009-09-10,4.3667,
2009-09-11,4.3681,
2009-09-14,4.3687,
2009-09-15,4.3817,
2009-09-16,4.4037,
2009-09-17,4.4341,
2009-09-18,4.4648,
2009-09-21,4.5105,
2009-09-22,4.5306,
2009-09-23,4.5508,
2009-09-24,4.5701,
2009-09-25,4.5937,
2009-09-27,4.6151,
2009-09-28,4.6219,
2009-09-29,4.6247,
2009-09-30,4.6283,
2009-10-09,4.6839,
2009-10-10,4.7158,
2009-10-12,4.7472,
2009-10-13,4.7994,
2009-10-14,4.8297,
2009-10-15,4.8397,
2009-10-16,4.8444,
2009-10-19,4.8506,
2009-10-20,4.8369,
2009-10-21,4.8393,
2009-10-22,4.8445,
2009-10-23,4.8104,
2009-10-26,4.8109,
2009-10-27,4.7874,
2009-10-28,4.7876,
2009-10-29,4.7643,
2009-10-30,4.7666,
2009-11-02,4.7645,
2009-11-03,4.7732,
2009-11-04,4.7845,
2009-11-05,4.8039,
2009-11-06,4.7815,
2009-11-09,4.7586,
2009-11-10,4.7591,
2009-11-11,4.7601,
2009-11-12,4.7382,
2009-11-13,4.7396,
2009-11-16,4.7593,
2009-11-17,4.7674,
2009-11-18,4.7755,
2009-11-19,4.7899,
2009-11-20,4.7676,
2009-11-23,4.7574,
2009-11-24,4.7577,
2009-11-25,4.7652,
2009-11-26,4.7647,
2009-11-27,4.7494,
2009-11-30,4.747,
2009-12-01,4.7799,
2009-12-02,4.7791,
2009-12-03,4.7526,
2009-12-04,4.7427,
2009-12-07,4.7461,
2009-12-08,4.7839,
2009-12-09,4.7549,
2009-12-10,4.7557,
2009-12-11,4.7391,
2009-12-14,4.7225,
2009-12-15,4.7422,
2009-12-16,4.7437,
2009-12-17,4.745,
2009-12-18,4.7463,
2009-12-21,4.749,
2009-12-22,4.7502,
2009-12-23,4.7509,
2009-12-24,4.7519,
2009-12-25,4.7139,
2009-12-28,4.6803,
2009-12-29,4.6816,
2009-12-30,4.6477,
2009-12-31,4.6433,
2010-01-04,4.6523,
2010-01-05,4.654,
2010-01-06,4.655,
2010-01-07,4.6496,
2010-01-08,4.6502,
2010-01-11,4.6641,
2010-01-12,4.686,
2010-01-13,4.695,
2010-01-14,4.6617,
2010-01-15,4.6195,
2010-01-18,4.616,
2010-01-19,4.6312,
2010-01-20,4.5776,
2010-01-21,4.5224,
2010-01-22,4.5029,
2010-01-25,4.5017,
2010-01-26,4.5014,
2010-01-27,4.5026,
2010-01-28,4.5002,
2010-01-29,4.5004,
2010-02-01,4.4993,
2010-02-02,4.4762,
2010-02-03,4.4832,
2010-02-04,4.4778,
2010-02-05,4.4631,
2010-02-08,4.4306,
2010-02-09,4.4111,
2010-02-10,4.4252,
2010-02-11,4.4369,
2010-02-12,4.4369,
2010-02-20,4.4358,
2010-02-21,4.4593,
2010-02-22,4.4431,
2010-02-23,4.4723,
2010-02-24,4.4724,
2010-02-25,4.4389,
2010-02-26,4.3635,
2010-03-01,4.3641,
2010-03-02,4.3328,
2010-03-03,4.2754,
2010-03-04,4.2919,
2010-03-05,4.2546,
2010-03-08,4.244,
2010-03-09,4.2785,
2010-03-10,4.247,
2010-03-11,4.2142,
2010-03-12,4.247,
2010-03-15,4.193,
2010-03-16,4.1947,
2010-03-17,4.1948,
2010-03-18,4.1727,
2010-03-19,4.1736,
2010-03-22,4.2077,
2010-03-23,4.1988,
2010-03-24,4.1837,
2010-03-25,4.1998,
2010-03-26,4.2014,
2010-03-29,4.2028,
2010-03-30,4.2028,
2010-03-31,4.1995,
2010-04-01,4.2143,
2010-04-02,4.2187,
2010-04-06,4.2308,
2010-04-07,4.2726,
2010-04-08,4.2764,
2010-04-09,4.2822,
2010-04-12,4.2789,
2010-04-13,4.2831,
2010-04-14,4.2673,
2010-04-15,4.275,
2010-04-16,4.2862,
2010-04-19,4.2633,
2010-04-20,4.2607,
2010-04-21,4.23,
2010-04-22,4.2159,
2010-04-23,4.1642,
2010-04-26,4.1699,
2010-04-27,4.1746,
2010-04-28,4.1484,
2010-04-29,4.1598,
2010-04-30,4.1499,
2010-05-04,4.1696,
2010-05-05,4.1689,
2010-05-06,4.1354,
2010-05-07,4.0965,
2010-05-10,4.1026,
2010-05-11,4.1073,
2010-05-12,4.1011,
2010-05-13,4.0991,
2010-05-14,4.0678,
2010-05-17,4.0552,
2010-05-18,4.0139,
2010-05-19,3.9774,
2010-05-20,3.9768,
2010-05-21,4.0057,
2010-05-24,4.0384,
2010-05-25,4.0386,
2010-05-26,4.0581,
2010-05-27,4.0493,
2010-05-28,4.0512,
2010-05-31,4.0534,
2010-06-01,4.0713,
2010-06-02,4.0591,
2010-06-03,4.0162,
2010-06-04,3.9831,
2010-06-07,3.9673,
2010-06-08,3.9689,
2010-06-09,3.9559,
2010-06-10,3.974,
2010-06-11,4.0063,
2010-06-12,3.9732,
2010-06-13,3.9749,
2010-06-17,3.9773,
2010-06-18,4.0472,
2010-06-21,4.0468,
2010-06-22,4.0152,
2010-06-23,4.0212,
2010-06-24,4.0214,
2010-06-25,4.0649,
2010-06-28,4.0753,
2010-06-29,4.0528,
2010-06-30,4.0197,
2010-07-01,4.0095,
2010-07-02,3.9671,
2010-07-05,3.9443,
2010-07-06,3.9082,
2010-07-07,3.9096,
2010-07-08,3.9108,
2010-07-09,3.9168,
2010-07-12,3.8993,
2010-07-13,3.8581,
2010-07-14,3.8081,
2010-07-15,3.7887,
2010-07-16,3.747,
2010-07-19,3.7376,
2010-07-20,3.7416,
2010-07-21,3.7533,
2010-07-22,3.7542,
2010-07-23,3.7606,
2010-07-26,3.7501,
2010-07-27,3.7894,
2010-07-28,3.8231,
2010-07-29,3.7971,
2010-07-30,3.8025,
2010-08-02,3.8038,
2010-08-03,3.8042,
2010-08-04,3.8047,
2010-08-05,3.7781,
2010-08-06,3.7994,
2010-08-09,3.7918,
2010-08-10,3.7935,
2010-08-11,3.796,
2010-08-12,3.7633,
2010-08-13,3.7332,
2010-08-16,3.7348,
2010-08-17,3.7208,
2010-08-18,3.7322,
2010-08-19,3.7178,
2010-08-20,3.708,
2010-08-23,3.7034,
2010-08-24,3.7041,
2010-08-25,3.7048,
2010-08-26,3.7161,
2010-08-27,3.7368,
2010-08-30,3.7291,
2010-08-31,3.7379,
2010-09-01,3.733,
2010-09-02,3.7335,
2010-09-03,3.7343,
2010-09-06,3.7349,
2010-09-07,3.769,
2010-09-08,3.7869,
2010-09-09,3.8287,
2010-09-10,3.8611,
2010-09-13,3.9141,
2010-09-14,3.9336,
2010-09-15,3.9275,
2010-09-16,3.9403,
2010-09-17,3.9468,
2010-09-19,3.9686,
2010-09-20,3.975,
2010-09-21,3.9791,
2010-09-25,3.973,
2010-09-26,3.984,
2010-09-27,3.9819,
2010-09-28,3.981,
2010-09-29,3.9805,
2010-09-30,3.9801,
2010-10-08,4.0019,
2010-10-09,4.0196,
2010-10-11,4.0363,
2010-10-12,4.0473,
2010-10-13,4.0682,
2010-10-14,4.0997,
2010-10-15,4.1228,
2010-10-18,4.1245,
2010-10-19,4.1467,
2010-10-20,4.349,
2010-10-21,4.4315,
2010-10-22,4.4362,
2010-10-25,4.4565,
2010-10-26,4.4596,
2010-10-27,4.4912,
2010-10-28,4.475,
2010-10-29,4.4798,
2010-11-01,4.4618,
2010-11-02,4.4834,
2010-11-03,4.5809,
2010-11-04,4.6331,
2010-11-05,4.6761,
2010-11-08,4.6884,
2010-11-09,4.7087,
2010-11-10,4.7613,
2010-11-11,4.8586,
2010-11-12,4.888,
2010-11-15,4.8758,
2010-11-16,4.8793,
2010-11-17,4.8773,
2010-11-18,4.8895,
2010-11-19,4.8987,
2010-11-22,4.9821,
2010-11-23,5.0113,
2010-11-24,5.0544,
2010-11-25,5.0841,
2010-11-26,5.1038,
2010-11-29,5.106,
2010-11-30,5.1144,
2010-12-01,5.1006,
2010-12-02,5.1004,
2010-12-03,5.1191,
2010-12-06,5.1052,
2010-12-07,5.084,
2010-12-08,5.0831,
2010-12-09,5.1053,
2010-12-10,5.0927,
2010-12-13,5.1098,
2010-12-14,5.0999,
2010-12-15,5.0674,
2010-12-16,5.061,
2010-12-17,5.0393,
2010-12-20,5.0495,
2010-12-21,5.0222,
2010-12-22,5.013,
2010-12-23,5.0124,
2010-12-24,5.0056,
2010-12-27,5.0553,
2010-12-28,5.0556,
2010-12-29,5.0529,
2010-12-30,5.0435,
2010-12-31,5.0227,
2011-01-04,4.9706,
2011-01-05,4.9266,
2011-01-06,4.8966,
2011-01-07,4.8723,
2011-01-10,4.8337,
2011-01-11,4.8294,
2011-01-12,4.8448,
2011-01-13,4.8776,
2011-01-14,4.9332,
2011-01-17,4.9872,
2011-01-18,5.0313,
2011-01-19,5.0634,
2011-01-20,5.0982,
2011-01-21,5.0913,
2011-01-24,5.0779,
2011-01-25,5.0765,
2011-01-26,5.1151,
2011-01-27,5.1161,
2011-01-28,5.1376,
2011-01-30,5.1387,
2011-01-31,5.1434,
2011-02-09,5.2221,
2011-02-10,5.2719,
2011-02-11,5.2482,
2011-02-12,5.2671,
2011-02-14,5.267,
2011-02-15,5.3007,
2011-02-16,5.3332,
2011-02-17,5.3345,
2011-02-18,5.32,
2011-02-21,5.3708,
2011-02-22,5.3875,
2011-02-23,5.386,
2011-02-24,5.3531,
2011-02-25,5.3837,
2011-02-28,5.3499,
2011-03-01,5.3322,
2011-03-02,5.3633,
2011-03-03,5.3677,
2011-03-04,5.3786,
2011-03-07,5.354,
2011-03-08,5.3546,
2011-03-09,5.3455,
2011-03-10,5.3329,
2011-03-11,5.3148,
2011-03-14,5.2715,
2011-03-15,5.2492,
2011-03-16,5.2481,
2011-03-17,5.2173,
2011-03-18,5.1698,
2011-03-21,5.1818,
2011-03-22,5.1868,
2011-03-23,5.1823,
2011-03-24,5.1989,
2011-03-25,5.2344,
2011-03-28,5.245,
2011-03-29,5.2579,
2011-03-30,5.266,
2011-03-31,5.2759,
2011-04-01,5.2891,
2011-04-02,5.2813,
2011-04-06,5.3016,
2011-04-07,5.2778,
2011-04-08,5.2627,
2011-04-11,5.2498,
2011-04-12,5.2052,
2011-04-13,5.1548,
2011-04-14,5.1511,
2011-04-15,5.1435,
2011-04-18,5.1305,
2011-04-19,5.1158,
2011-04-20,5.1352,
2011-04-21,5.1562,
2011-04-22,5.1478,
2011-04-25,5.1619,
2011-04-26,5.1867,
2011-04-27,5.1694,
2011-04-28,5.1832,
2011-04-29,5.1631,
2011-05-03,5.2003,
2011-05-04,5.1657,
2011-05-05,5.1771,
2011-05-06,5.1406,
2011-05-09,5.1371,
2011-05-10,5.1116,
2011-05-11,5.1,
2011-05-12,5.0792,
2011-05-13,5.1086,
2011-05-16,5.1013,
2011-05-17,5.1414,
2011-05-18,5.1295,
2011-05-19,5.1608,
2011-05-20,5.135,
2011-05-23,5.1897,
2011-05-24,5.208,
2011-05-25,5.1743,
2011-05-26,5.1519,
2011-05-27,5.126,
2011-05-30,5.1516,
2011-05-31,5.1346,
2011-06-01,5.152,
2011-06-02,5.1576,
2011-06-03,5.1726,
2011-06-07,5.1829,
2011-06-08,5.1757,
2011-06-09,5.1893,
2011-06-10,5.2004,
2011-06-13,5.2223,6.6264
2011-06-14,5.2623,6.6363
2011-06-15,5.3152,6.6486
2011-06-16,5.3403,6.6624
2011-06-17,5.3437,6.6847
2011-06-20,5.3305,6.6935
2011-06-21,5.3202,6.6642
2011-06-22,5.3357,6.5181
2011-06-23,5.3463,6.5008
2011-06-24,5.3284,6.5204
2011-06-27,5.3304,6.4857
2011-06-28,5.3176,6.4234
2011-06-29,5.3103,6.3311
2011-06-30,5.3446,6.3707
2011-07-01,5.3232,6.355
2011-07-04,5.3202,6.2725
2011-07-05,5.3176,6.2649
2011-07-06,5.3123,6.2836
2011-07-07,5.3644,6.3279
2011-07-08,5.3355,6.2796
2011-07-11,5.3409,6.281
2011-07-12,5.3383,6.3125
2011-07-13,5.3704,6.3829
2011-07-14,5.3738,6.3955
2011-07-15,5.3942,6.3979
2011-07-18,5.4023,6.3058
2011-07-19,5.4088,6.3014
2011-07-20,5.4586,6.4236
2011-07-21,5.532,6.5339
2011-07-22,5.5652,6.5731
2011-07-25,5.5763,6.6785
2011-07-26,5.5882,6.9977
2011-07-27,5.5827,7.0128
2011-07-28,5.5848,6.9977
2011-07-29,5.5963,7.1084
2011-08-01,5.6188,7.0083
2011-08-02,5.6533,7.0064
2011-08-03,5.6931,6.9811
2011-08-04,5.6703,6.9718
2011-08-05,5.636,6.9593
2011-08-08,5.6244,7.0296
2011-08-09,5.6362,7.089
2011-08-10,5.6411,6.9545
2011-08-11,5.6288,6.9619
2011-08-12,5.6501,6.9893
2011-08-15,5.6503,6.9399
2011-08-16,5.6515,6.9354
2011-08-17,5.6455,6.9393
2011-08-18,5.6487,6.9436
2011-08-19,5.6139,7.0956
2011-08-22,5.6172,7.1705
2011-08-23,5.6199,7.2651
2011-08-24,5.6413,7.0643
2011-08-25,5.6648,7.0802
2011-08-26,5.6982,7.1209
2011-08-29,5.8461,7.3159
2011-08-30,5.9191,7.3527
2011-08-31,5.9167,7.3269
2011-09-01,5.9065,7.3474
2011-09-02,5.8949,7.3533
2011-09-05,5.8838,7.2959
2011-09-06,5.9201,7.3239
2011-09-07,5.9946,7.4016
2011-09-08,6.0176,7.319
2011-09-09,5.9837,7.3162
2011-09-13,5.9975,7.3652
2011-09-14,5.9962,7.4907
2011-09-15,6.0017,7.4898
2011-09-16,5.994,7.5215
2011-09-19,5.9934,7.5564
2011-09-20,6.0036,7.6025
2011-09-21,6.0245,7.5143
2011-09-22,6.0294,7.6052
2011-09-23,6.0227,7.5505
2011-09-26,6.0345,7.5625
2011-09-27,6.0286,7.5608
2011-09-28,6.0285,7.5675
2011-09-29,6.0248,7.5557
2011-09-30,6.0258,7.5715
2011-10-08,6.0219,7.5607
2011-10-09,6.0219,7.5515
2011-10-10,6.0018,7.5599
2011-10-11,5.9934,7.5808
2011-10-12,5.9881,7.5751
2011-10-13,5.9804,7.5485
2011-10-14,5.9604,7.5477
2011-10-17,5.8865,7.5129
2011-10-18,5.7361,7.5796
2011-10-19,5.4974,7.5149
2011-10-20,5.341,7.5387
2011-10-21,5.3406,7.4692
2011-10-24,5.3933,7.4931
2011-10-25,5.4442,7.459
2011-10-26,5.4343,7.4498
2011-10-27,5.4441,7.5117
2011-10-28,5.4687,7.5051
2011-10-31,5.4506,7.5626
2011-11-01,5.4055,7.5616
2011-11-02,5.3491,7.5263
2011-11-03,5.3466,7.538
2011-11-04,5.3041,7.5174
2011-11-07,5.2855,7.528
2011-11-08,5.2579,7.5107
2011-11-09,5.2253,7.4828
2011-11-10,5.0949,7.3881
2011-11-11,4.9501,7.3147
2011-11-14,4.9563,7.3279
2011-11-15,4.9985,7.3914
2011-11-16,5.0034,7.5342
2011-11-17,5.065,7.6311
2011-11-18,5.063,7.6014
2011-11-21,5.1146,7.5344
2011-11-22,5.1301,7.5473
2011-11-23,5.1309,7.554
2011-11-24,5.1051,7.6552
2011-11-25,5.1498,7.625
2011-11-28,5.1736,7.6721
2011-11-29,5.2262,7.6882
2011-11-30,5.2442,7.7586
2011-12-01,5.0057,7.6308
2011-12-02,4.9532,7.5311
2011-12-05,4.947,7.4749
2011-12-06,4.9663,7.4985
2011-12-07,4.9748,7.5133
2011-12-08,4.9548,7.5183
2011-12-09,4.9803,7.5244
2011-12-12,5.021,7.5604
2011-12-13,5.074,7.5322
2011-12-14,5.0876,7.5869
2011-12-15,5.097,7.6912
2011-12-16,5.0721,7.5766
2011-12-19,5.0618,7.5915
2011-12-20,5.0571,7.5837
2011-12-21,5.0493,7.6019
2011-12-22,5.0378,7.6404
2011-12-23,5.0424,7.6411
2011-12-26,5.0338,7.6444
2011-12-27,5.0489,7.6945
2011-12-28,5.0181,7.6966
2011-12-29,4.9968,7.6831
2011-12-30,4.9761,7.652
2011-12-31,4.9773,7.6536
2012-01-04,4.9765,7.6925
2012-01-05,4.9232,7.6689
2012-01-06,4.8292,7.626
2012-01-09,4.7741,7.6199
2012-01-10,4.6843,7.5662
2012-01-11,4.6743,7.6399
2012-01-12,4.6238,7.6398
2012-01-13,4.6515,7.6675
2012-01-16,4.6496,7.6361
2012-01-17,4.6756,7.6333
2012-01-18,4.675,7.6335
2012-01-19,4.6531,7.6218
2012-01-20,4.6448,7.6121
2012-01-21,4.6392,7.6468
2012-01-29,4.64,7.6118
2012-01-30,4.5823,7.6169
2012-01-31,4.5796,7.5919
2012-02-01,4.5681,7.6209
2012-02-02,4.5515,7.6297
2012-02-03,4.5353,7.6478
2012-02-06,4.542,7.6107
2012-02-07,4.5627,7.6347
2012-02-08,4.583,7.6676
2012-02-09,4.6285,7.6967
2012-02-10,4.6079,7.7825
2012-02-13,4.6041,7.7279
2012-02-14,4.6039,7.6982
2012-02-15,4.6588,7.7284
2012-02-16,4.6992,7.7267
2012-02-17,4.7364,7.7944
2012-02-20,4.6803,7.8584
2012-02-21,4.701,7.8597
2012-02-22,4.7004,7.8551
2012-02-23,4.7001,7.85
2012-02-24,4.6878,7.8538
2012-02-27,4.7064,7.8181
2012-02-28,4.7337,7.8301
2012-02-29,4.788,7.8515
2012-03-01,4.7776,7.8563
2012-03-02,4.7777,7.8685
2012-03-05,4.8113,7.8977
2012-03-06,4.8209,7.8286
2012-03-07,4.8019,7.8296
2012-03-08,4.7691,7.7601
2012-03-09,4.8014,7.7806
2012-03-12,4.8241,7.7953
2012-03-13,4.792,7.7868
2012-03-14,4.8084,7.687
2012-03-15,4.82,7.7058
2012-03-16,4.8096,7.7065
2012-03-19,4.8388,7.7141
2012-03-20,4.846,7.7601
2012-03-21,4.849,7.687
2012-03-22,4.8666,7.6207
2012-03-23,4.8671,7.5841
2012-03-26,4.8675,7.5491
2012-03-27,4.872,7.533
2012-03-28,4.8676,7.5471
2012-03-29,4.8571,7.5055
2012-03-30,4.8465,7.5014
2012-03-31,4.8346,7.5027
2012-04-01,4.8405,7.5004
2012-04-05,4.847,7.5137
2012-04-06,4.8336,7.5075
2012-04-09,4.8647,7.5036
2012-04-10,4.8844,7.4981
2012-04-11,4.881,7.5746
2012-04-12,4.8822,7.5724
2012-04-13,4.8927,7.568
2012-04-16,4.905,7.5826
2012-04-17,4.8968,7.5813
2012-04-18,4.8986,7.5677
2012-04-19,4.8986,7.5428
2012-04-20,4.8989,7.5539
2012-04-23,4.9009,7.4402
2012-04-24,4.8912,7.3641
2012-04-25,4.8859,7.368
2012-04-26,4.8996,7.3661
2012-04-27,4.9,7.2787
2012-04-28,4.8931,7.2501
2012-05-02,4.8993,7.2496
2012-05-03,4.9001,7.2001
2012-05-04,4.9001,7.1937
2012-05-07,4.9007,7.1494
2012-05-08,4.9046,7.0893
2012-05-09,4.9056,7.0804
2012-05-10,4.9109,7.0222
2012-05-11,4.8715,6.9507
2012-05-14,4.7981,6.9338
2012-05-15,4.7547,6.7828
2012-05-16,4.7125,6.7518
2012-05-17,4.7136,6.7395
2012-05-18,4.6847,6.7317
2012-05-21,4.6868,6.7325
2012-05-22,4.6623,6.7197
2012-05-23,4.6425,6.7062
2012-05-24,4.5416,6.6886
2012-05-25,4.4212,6.6367
2012-05-28,4.3908,6.5441
2012-05-29,4.4173,6.563
2012-05-30,4.4161,6.5595
2012-05-31,4.3977,6.5608
2012-06-01,4.3805,6.56
2012-06-04,4.3838,6.5545
2012-06-05,4.3735,6.5403
2012-06-06,4.361,6.5401
2012-06-07,4.3643,6.5409
2012-06-08,4.1473,6.4667
2012-06-11,4.1749,6.4769
2012-06-12,4.1763,6.4388
2012-06-13,4.1751,6.478
2012-06-14,4.1718,6.474
2012-06-15,4.1706,6.4728
2012-06-18,4.1941,6.4694
2012-06-19,4.2365,6.5194
2012-06-20,4.2661,6.5812
2012-06-21,4.2661,6.623
2012-06-25,4.2818,6.6152
2012-06-26,4.2707,6.5731
2012-06-27,4.2908,6.6128
2012-06-28,4.3256,6.5511
2012-06-29,4.3146,6.5369
2012-07-02,4.3139,6.5405
2012-07-03,4.3142,6.5437
2012-07-04,4.3172,6.5463
2012-07-05,4.3182,6.5636
2012-07-06,4.2484,6.5489
2012-07-09,4.2492,6.5494
2012-07-10,4.2467,6.5464
2012-07-11,4.2424,6.5699
2012-07-12,4.2328,6.573
2012-07-13,4.2137,6.5694
2012-07-16,4.2126,6.5737
2012-07-17,4.2235,6.5733
2012-07-18,4.2232,6.5728
2012-07-19,4.2119,6.5743
2012-07-20,4.2229,6.573
2012-07-23,4.2253,6.5696
2012-07-24,4.2241,6.571
2012-07-25,4.2496,6.5712
2012-07-26,4.2704,6.571
2012-07-27,4.2631,6.5721
2012-07-30,4.2841,6.573
2012-07-31,4.2927,6.5682
2012-08-01,4.3009,6.5723
2012-08-02,4.3205,6.5672
2012-08-03,4.3304,6.5681
2012-08-06,4.3594,6.5639
2012-08-07,4.4012,6.5595
2012-08-08,4.407,6.5631
2012-08-09,4.4191,6.5622
2012-08-10,4.4683,6.557
2012-08-13,4.4619,6.5563
2012-08-14,4.504,6.5567
2012-08-15,4.5042,6.558
2012-08-16,4.523,6.5586
2012-08-17,4.5439,6.5601
2012-08-20,4.5845,6.5583
2012-08-21,4.6217,6.56
2012-08-22,4.6413,6.5553
2012-08-23,4.6415,6.555
2012-08-24,4.6421,6.5583
2012-08-27,4.6522,6.9153
2012-08-28,4.6839,6.8478
2012-08-29,4.6852,6.8223
2012-08-30,4.6845,6.7936
2012-08-31,4.6847,6.835
2012-09-03,4.7083,6.7939
2012-09-04,4.7108,6.7493
2012-09-05,4.7339,6.751
2012-09-06,4.7313,6.7754
2012-09-07,4.7419,6.7507
2012-09-10,4.7568,6.6982
2012-09-11,4.7787,6.6371
2012-09-12,4.8012,6.5805
2012-09-13,4.8237,6.6027
2012-09-14,4.8728,6.7112
2012-09-17,4.9031,6.646
2012-09-18,4.9289,6.6292
2012-09-19,4.9264,6.5977
2012-09-20,4.9365,6.6339
2012-09-21,4.9598,6.6569
2012-09-24,4.947,6.6563
2012-09-25,4.9249,6.6753
2012-09-26,4.8945,6.6882
2012-09-27,4.8557,6.7541
2012-09-28,4.826,6.7675
2012-09-29,4.816,6.8087
2012-10-08,4.8499,6.8244
2012-10-09,4.8584,6.8362
2012-10-10,4.8468,6.8349
2012-10-11,4.826,6.8376
2012-10-12,4.8065,6.8011
2012-10-15,4.7743,6.7798
2012-10-16,4.7662,6.7745
2012-10-17,4.7662,6.8418
2012-10-18,4.7774,6.8395
2012-10-19,4.8101,6.8352
2012-10-22,4.821,6.8467
2012-10-23,4.8236,6.8399
2012-10-24,4.8287,6.8312
2012-10-25,4.8475,6.8842
2012-10-26,4.862,6.8847
2012-10-29,4.8941,6.858
2012-10-30,4.8992,6.9005
2012-10-31,4.8879,6.8204
2012-11-01,4.8881,6.9008
2012-11-02,4.921,6.8989
2012-11-05,4.9425,6.903
2012-11-06,4.9235,6.893
2012-11-07,4.9331,6.885
2012-11-08,4.9317,6.8643
2012-11-09,4.9302,6.8639
2012-11-12,4.937,6.908
2012-11-13,4.9368,6.8996
2012-11-14,4.9328,6.8964
2012-11-15,4.9438,6.8942
2012-11-16,4.9575,6.8893
2012-11-19,4.9706,6.8683
2012-11-20,4.9705,6.8494
2012-11-21,4.9699,6.8284
2012-11-22,4.9806,6.8012
2012-11-23,4.9904,6.7576
2012-11-26,5.0014,6.8114
2012-11-27,5.0023,6.8482
2012-11-28,5.0075,6.8139
2012-11-29,5.0182,6.8377
2012-11-30,5.0272,6.8286
2012-12-03,5.0344,6.818
2012-12-04,5.0285,6.7885
2012-12-05,5.0272,6.811
2012-12-06,5.0264,6.7995
2012-12-07,5.037,6.7866
2012-12-10,5.0477,6.7704
2012-12-11,5.0563,6.7793
2012-12-12,5.0574,6.7656
2012-12-13,5.068,6.7525
2012-12-14,5.0567,6.7738
2012-12-17,5.0562,6.8035
2012-12-18,5.0556,6.7809
2012-12-19,5.0533,6.7913
2012-12-20,5.0505,6.7907
2012-12-21,5.0482,6.7963
2012-12-24,5.0558,6.8091
2012-12-25,5.0582,6.8327
2012-12-26,5.0588,6.8367
2012-12-27,5.0589,6.811
2012-12-28,5.0591,6.7794
2012-12-31,5.0603,6.7492
2013-01-04,5.076,6.7617
2013-01-05,5.067,6.776
2013-01-06,5.0581,6.7669
2013-01-07,5.0662,6.7557
2013-01-08,5.0731,6.735
2013-01-09,5.0362,6.7165
2013-01-10,5.013,6.6957
2013-01-11,5.0138,6.6709
2013-01-14,5.0146,6.6567
2013-01-15,5.0231,6.6479
2013-01-16,5.0232,6.6583
2013-01-17,5.0235,6.6382
2013-01-18,5.0152,6.6162
2013-01-21,4.9969,6.5701
2013-01-22,4.9746,6.5578
2013-01-23,4.9425,6.588
2013-01-24,4.9376,6.5758
2013-01-25,4.9269,6.6109
2013-01-28,4.9326,6.6075
2013-01-29,4.9317,6.6217
2013-01-30,4.925,6.637
2013-01-31,4.9249,6.647
2013-02-01,4.9363,6.6281
2013-02-04,4.9356,6.6296
2013-02-05,4.9481,6.6305
2013-02-06,4.9436,6.6298
2013-02-07,4.944,6.6224
2013-02-08,4.9446,6.6038
2013-02-16,,6.5797
2013-02-17,,6.5713
2013-02-18,4.9193,6.5655
2013-02-19,4.8978,6.5546
2013-02-20,4.8919,6.5312
2013-02-21,4.8424,6.5364
2013-02-22,4.7994,6.5163
2013-02-25,4.797,6.5302
2013-02-26,4.8335,6.5452
2013-02-27,4.8343,6.5386
2013-02-28,4.8344,6.5719
2013-03-01,4.8461,6.6204
2013-03-04,4.8026,6.6255
2013-03-05,4.7973,6.6298
2013-03-06,4.7849,6.6302
2013-03-07,4.7849,6.5647
2013-03-08,4.7857,6.5679
2013-03-11,4.8097,6.5062
2013-03-12,4.7974,6.5205
2013-03-13,4.8194,6.5281
2013-03-14,4.8397,6.529
2013-03-15,4.8408,6.553
2013-03-18,4.8288,6.5752
2013-03-19,4.8501,6.5714
2013-03-20,4.8558,6.5593
2013-03-21,4.8557,6.5482
2013-03-22,4.8548,6.5513
2013-03-25,4.8658,6.5692
2013-03-26,4.8895,6.5943
2013-03-27,4.8926,6.607
2013-03-28,4.8499,6.5949
2013-03-29,4.8335,6.5849
2013-04-01,4.7908,6.566
2013-04-02,4.7387,6.5574
2013-04-03,4.7309,6.4604
2013-04-07,4.7009,6.4452
2013-04-08,4.7034,6.4351
2013-04-09,4.6844,6.3468
2013-04-10,4.6624,6.4344
2013-04-11,4.6412,6.4126
2013-04-12,4.6426,6.4107
2013-04-15,4.6338,6.3881
2013-04-16,4.6129,6.3611
2013-04-17,4.6023,6.3296
2013-04-18,4.6543,6.2446
2013-04-19,4.7344,6.2554
2013-04-22,4.8342,6.2638
2013-04-23,4.8036,6.2738
2013-04-24,4.7702,6.3165
2013-04-25,4.7721,6.3119
2013-04-26,4.7335,6.311
2013-04-27,4.7242,6.2538
2013-04-28,4.7388,6.2532
2013-05-02,4.7067,6.2405
2013-05-03,4.6973,6.21
2013-05-06,4.674,6.207
2013-05-07,4.647,6.1674
2013-05-08,4.6644,6.1909
2013-05-09,4.6387,6.1914
2013-05-10,4.6177,6.176
2013-05-13,4.5966,6.1487
2013-05-14,4.5772,6.137
2013-05-15,4.5761,6.1126
2013-05-16,4.5767,6.1037
2013-05-17,4.5776,6.1049
2013-05-20,4.586,6.1147
2013-05-21,4.5865,6.1239
2013-05-22,4.6199,6.112
2013-05-23,4.5736,6.1123
2013-05-24,4.5524,6.1076
2013-05-27,4.5309,6.1242
2013-05-28,4.5578,6.1454
2013-05-29,4.5515,6.1348
2013-05-30,4.5377,6.1281
2013-05-31,4.5375,6.116
2013-06-03,4.5373,6.1155
2013-06-04,4.5404,6.1282
2013-06-05,4.5405,6.1453
2013-06-06,4.5649,6.1563
2013-06-07,4.5734,6.1753
2013-06-08,4.5716,6.1727
2013-06-09,4.5748,6.1868
2013-06-13,4.6151,6.1827
2013-06-14,4.6715,6.2203
2013-06-17,4.7097,6.2715
2013-06-18,4.7134,6.2981
2013-06-19,4.739,6.3505
2013-06-20,4.8509,6.8573
2013-06-21,4.9018,6.4701
2013-06-24,4.9912,6.4415
2013-06-25,4.991,6.5864
2013-06-26,4.8727,6.5839
2013-06-27,4.8242,6.4756
2013-06-28,4.7573,6.4503
2013-07-01,4.7242,6.427
2013-07-02,4.7094,6.3965
2013-07-03,4.6702,6.3089
2013-07-04,4.6203,6.2578
2013-07-05,4.6224,6.2631
2013-07-08,4.6232,6.2633
2013-07-09,4.6401,6.2744
2013-07-10,4.6505,6.3013
2013-07-11,4.6703,6.3128
2013-07-12,4.7097,6.3617
2013-07-15,4.7402,6.3714
2013-07-16,4.7477,6.3997
2013-07-17,4.7718,6.3999
2013-07-18,4.8007,6.3937
2013-07-19,4.8356,6.4205
2013-07-22,4.9219,6.4741
2013-07-23,4.974,6.5464
2013-07-24,5.0241,6.6464
2013-07-25,5.0241,6.6739
2013-07-26,5.0071,6.6634
2013-07-29,5.0299,6.6158
2013-07-30,4.9771,6.6277
2013-07-31,4.9672,6.6139
2013-08-01,4.92,6.5396
2013-08-02,4.8716,6.5239
2013-08-05,4.8627,6.5045
2013-08-06,4.873,6.5048
2013-08-07,4.8942,6.5232
2013-08-08,4.9484,6.5668
2013-08-09,5.0026,6.6076
2013-08-12,5.0446,6.6356
2013-08-13,5.0952,6.6914
2013-08-14,5.1389,6.7218
2013-08-15,5.1881,6.815
2013-08-16,5.2128,6.8201
2013-08-19,5.2119,6.8585
2013-08-20,5.2633,6.8636
2013-08-21,5.2582,6.8643
2013-08-22,5.2548,6.8032
2013-08-23,5.2048,6.7997
2013-08-26,5.1812,6.746
2013-08-27,5.1453,6.7555
2013-08-28,5.1676,6.7597
2013-08-29,5.1854,6.7673
2013-08-30,5.1736,6.7708
2013-09-02,5.1956,6.7865
2013-09-03,5.1855,6.7645
2013-09-04,5.1822,6.7582
2013-09-05,5.1831,6.787
2013-09-06,5.198,6.7981
2013-09-09,5.2128,6.839
2013-09-10,5.2058,6.8974
2013-09-11,5.2357,6.903
2013-09-12,5.2417,6.9876
2013-09-13,5.2616,6.9994
2013-09-16,5.2807,7.009
2013-09-17,5.283,7.0379
2013-09-18,5.2869,7.0441
2013-09-22,5.288,7.0405
2013-09-23,5.2646,7.0541
2013-09-24,5.2756,7.011
2013-09-25,5.2899,7.0195
2013-09-26,5.2865,7.0652
2013-09-27,5.2811,7.0086
2013-09-29,5.2805,7.0122
2013-09-30,5.2901,7.0063
2013-10-08,5.2921,7.0176
2013-10-09,5.3018,7.0162
2013-10-10,5.302,7.0214
2013-10-11,5.3029,7.004
2013-10-12,5.3029,6.9828
2013-10-14,5.3048,6.9822
2013-10-15,5.3035,7.0086
2013-10-16,5.3229,7.0265
2013-10-17,5.343,7.0295
2013-10-18,5.3435,7.0147
2013-10-21,5.3475,7.04
2013-10-22,5.3574,7.0699
2013-10-23,5.3879,7.0589
2013-10-24,5.4396,7.1148
2013-10-25,5.4883,7.1356
2013-10-28,5.5255,7.2357
2013-10-29,5.5629,7.2398
2013-10-30,5.6237,7.2683
2013-10-31,5.6327,7.3212
2013-11-01,5.6352,7.3445
2013-11-04,5.6297,7.3533
2013-11-05,5.6287,7.2426
2013-11-06,5.6591,7.2538
2013-11-07,5.6804,7.2864
2013-11-08,5.7278,7.2927
2013-11-11,5.8156,7.3898
2013-11-12,5.83,7.4461
2013-11-13,5.8768,7.466
2013-11-14,5.9419,7.5575
2013-11-15,6.0203,7.5759
2013-11-18,6.0486,7.6895
2013-11-19,6.1116,7.7174
2013-11-20,6.1725,7.818
2013-11-21,6.2153,7.8698
2013-11-22,6.2187,7.849
2013-11-25,6.2201,7.8388
2013-11-26,6.2397,7.8358
2013-11-27,6.2264,7.8577
2013-11-28,6.2358,7.8568
2013-11-29,6.1536,7.8782
2013-12-02,6.1307,7.831
2013-12-03,6.1218,7.8254
2013-12-04,6.0678,7.9307
2013-12-05,6.058,7.9214
2013-12-06,6.0582,7.9024
2013-12-09,6.0799,7.907
2013-12-10,6.113,7.9068
2013-12-11,6.1119,7.9195
2013-12-12,6.1174,7.925
2013-12-13,6.1179,7.9403
2013-12-16,6.118,7.9124
2013-12-17,6.1402,7.9132
2013-12-18,6.1595,7.9302
2013-12-19,6.1993,7.9241
2013-12-20,6.2391,7.9551
2013-12-23,6.2592,7.9463
2013-12-24,6.2823,7.9854
2013-12-25,6.2824,8.0394
2013-12-26,6.2861,8.0393
2013-12-27,6.283,8.0811
2013-12-30,6.2917,8.1047
2013-12-31,6.2912,8.1039
2014-01-02,6.302,8.1048
2014-01-03,6.2907,8.0336
2014-01-06,6.3124,8.0172
2014-01-07,6.3132,8.0261
2014-01-08,6.315,8.0475
2014-01-09,6.2834,8.0297
2014-01-10,6.2637,8.0286
2014-01-13,6.2446,8.0066
2014-01-14,6.2452,7.9754
2014-01-15,6.2472,7.93
2014-01-16,6.2431,7.9182
2014-01-17,6.2427,7.9174
2014-01-20,6.2388,7.917
2014-01-21,6.211,7.9558
2014-01-22,6.215,7.9393
2014-01-23,6.1784,7.9252
2014-01-24,6.1823,7.8842
2014-01-26,6.1819,7.855
2014-01-27,6.1633,7.8554
2014-01-28,6.1637,7.8562
2014-01-29,6.1644,7.857
2014-01-30,6.1651,7.8478
2014-02-07,6.1554,7.837
2014-02-08,6.146,7.8155
2014-02-10,6.1268,7.7878
2014-02-11,6.1159,7.7494
2014-02-12,6.109,7.7327
2014-02-13,6.0484,7.7036
2014-02-14,5.9766,7.6774
2014-02-17,5.9548,7.6529
2014-02-18,5.9445,7.6439
2014-02-19,5.923,7.6585
2014-02-20,5.8906,7.59
2014-02-21,5.8664,7.5651
2014-02-24,5.7925,7.5399
2014-02-25,5.7438,7.4892
2014-02-26,5.6875,7.3276
2014-02-27,5.6401,7.2923
2014-02-28,5.6107,7.2821
2014-03-03,5.6022,7.2748
2014-03-04,5.6538,7.3038
2014-03-05,5.7035,7.307
2014-03-06,5.7561,7.307
2014-03-07,5.7981,7.3054
2014-03-10,5.7976,7.7331
2014-03-11,5.8178,7.7296
2014-03-12,5.8501,7.8541
2014-03-13,5.8593,7.8549
2014-03-14,5.8388,7.8511
2014-03-17,5.8139,7.8555
2014-03-18,5.8461,7.8506
2014-03-19,5.8974,7.8552
2014-03-20,5.9221,7.8636
2014-03-21,5.8993,7.8783
2014-03-24,5.886,7.854
2014-03-25,5.8846,7.8479
2014-03-26,5.8963,7.8766
2014-03-27,5.8958,7.9072
2014-03-28,5.9178,7.9634
2014-03-31,5.9185,7.9297
2014-04-01,5.9146,7.9129
2014-04-02,5.9264,8.1273
2014-04-03,5.9814,8.1184
2014-04-04,5.9988,8.1963
2014-04-08,5.999,8.2328
2014-04-09,6.0308,8.2031
2014-04-10,6.0304,8.2309
2014-04-11,6.0203,8.2145
2014-04-14,5.9677,8.1809
2014-04-15,5.9358,8.1671
2014-04-16,5.8882,8.1164
2014-04-17,5.8188,8.0233
2014-04-18,5.7876,8.0256
2014-04-21,5.7784,8.04
2014-04-22,5.7575,8.2068
2014-04-23,5.7458,8.4095
2014-04-24,5.7353,8.8467
2014-04-25,5.7379,9.1508
2014-04-28,5.708,8.0746
2014-04-29,5.7176,8.0194
2014-04-30,5.675,8.0042
2014-05-04,5.6577,7.9851
2014-05-05,5.624,7.9872
2014-05-06,5.5714,7.9971
2014-05-07,5.5211,7.9855
2014-05-08,5.4525,7.9754
2014-05-09,5.3501,7.9588
2014-05-12,5.3168,7.9185
2014-05-13,5.2687,7.922
2014-05-14,5.2661,7.9234
2014-05-15,5.2905,7.9019
2014-05-16,5.3028,7.887
2014-05-19,5.3242,7.8681
2014-05-20,5.3392,7.8121
2014-05-21,5.3384,7.806
2014-05-22,5.3397,7.768
2014-05-23,5.3703,7.7298
2014-05-26,5.3653,7.7463
2014-05-27,5.3665,7.7648
2014-05-28,5.3671,7.7848
2014-05-29,5.3369,7.8065
2014-05-30,5.3059,7.8301
2014-06-03,5.2037,7.8525
2014-06-04,5.1543,7.8523
2014-06-05,5.1214,7.8521
2014-06-06,5.1194,7.8538
2014-06-09,5.1413,7.8548
2014-06-10,5.1433,7.8367
2014-06-11,5.1313,7.8374
2014-06-12,5.1223,7.8739
2014-06-13,5.1439,7.8892
2014-06-16,5.156,7.8811
2014-06-17,5.1762,7.9468
2014-06-18,5.1744,7.9559
2014-06-19,5.1929,7.9973
2014-06-20,5.1842,8.0173
2014-06-23,5.211,7.9962
2014-06-24,5.2111,7.9977
2014-06-25,5.2213,8.044
2014-06-26,5.2324,8.0223
2014-06-27,5.2221,8.0122
2014-06-30,5.244,8.0041
2014-07-01,5.3078,8.03
2014-07-02,5.3183,8.0519
2014-07-03,5.3234,8.0588
2014-07-04,5.3763,8.0458
2014-07-07,5.3586,8.0414
2014-07-08,5.3685,7.9969
2014-07-09,5.4015,8.0192
2014-07-10,5.3889,8.0551
2014-07-11,5.3689,8.0116
2014-07-14,5.3581,7.9909
2014-07-15,5.3266,7.9912
2014-07-16,5.3518,7.9843
2014-07-17,5.4013,8.0172
2014-07-18,5.4604,8.0543
2014-07-21,5.4612,8.1157
2014-07-22,5.4508,8.0964
2014-07-23,5.4406,8.0797
2014-07-24,5.4234,8.0782
2014-07-25,5.4442,8.0551
2014-07-28,5.4223,8.0543
2014-07-29,5.4239,8.0322
2014-07-30,5.4024,8.0365
2014-07-31,5.3818,8.0385
2014-08-01,5.3489,8.0186
2014-08-04,5.3727,8.0275
2014-08-05,5.3699,8.0507
2014-08-06,5.3589,8.0441
2014-08-07,5.3599,8.0459
2014-08-08,5.3501,8.0349
2014-08-11,5.3685,8.0028
2014-08-12,5.3455,8.0201
2014-08-13,5.3449,7.9905
2014-08-14,5.2923,7.9616
2014-08-15,5.2606,7.9078
2014-08-18,5.2833,7.9931
2014-08-19,5.2733,8.0166
2014-08-20,5.2943,8.0055
2014-08-21,5.3056,8.0288
2014-08-22,5.3405,8.04
2014-08-25,5.2787,8.0407
2014-08-26,5.2885,8.0183
2014-08-27,5.2824,8.0268
2014-08-28,5.2289,8.0148
2014-08-29,5.2232,7.9854
2014-09-01,5.2331,7.9876
2014-09-02,5.2317,8.0067
2014-09-03,5.2304,8.0076
2014-09-04,5.231,7.9941
2014-09-05,5.2313,7.9961
2014-09-09,5.2315,7.9998
2014-09-10,5.2312,8.0019
2014-09-11,5.2312,8.0139
2014-09-12,5.2313,7.9967
2014-09-15,5.2316,8.0012
2014-09-16,5.253,8.0173
2014-09-17,5.2333,7.9924
2014-09-18,5.2113,7.9671
2014-09-19,5.1831,7.957
2014-09-22,5.177,7.9137
2014-09-23,5.1769,7.9528
2014-09-24,5.1537,7.953
2014-09-25,5.143,7.9407
2014-09-26,5.1438,7.9509
2014-09-28,5.1435,7.9393
2014-09-29,5.1453,7.9535
2014-09-30,5.1486,7.9503
2014-10-08,5.1528,7.9369
2014-10-09,5.1627,7.9338
2014-10-10,5.1636,7.9331
2014-10-11,5.1644,7.9494
2014-10-13,5.1757,7.9486
2014-10-14,5.1351,7.9409
2014-10-15,5.0866,7.9214
2014-10-16,5.0456,7.8958
2014-10-17,5.036,7.8682
2014-10-20,4.935,7.8493
2014-10-21,4.8447,7.745
2014-10-22,4.856,7.7112
2014-10-23,4.8254,7.7139
2014-10-24,4.8268,7.6136
2014-10-27,4.8272,7.6073
2014-10-28,4.7991,7.609
2014-10-29,4.7336,7.6207
2014-10-30,4.7364,7.5616
2014-10-31,4.7241,7.5863
2014-11-03,4.6765,7.5357
2014-11-04,4.616,7.4827
2014-11-05,4.5695,7.42
2014-11-06,4.5429,7.3824
2014-11-07,4.5028,7.3895
2014-11-10,4.4098,7.3326
2014-11-11,4.3891,7.2049
2014-11-12,4.4209,7.2094
2014-11-13,4.4461,7.1839
2014-11-14,4.4839,7.1849
2014-11-17,4.5337,7.2258
2014-11-18,4.5954,7.2432
2014-11-19,4.6284,7.2339
2014-11-20,4.6944,7.2509
2014-11-21,4.7113,7.3086
2014-11-24,4.522,7.3267
2014-11-25,4.5038,7.1505
2014-11-26,4.5296,7.1458
2014-11-27,4.5393,7.194
2014-11-28,4.54,7.2074
2014-12-01,4.5182,7.2309
2014-12-02,4.5562,7.1832
2014-12-03,4.6607,7.2276
2014-12-04,4.7641,7.3378
2014-12-05,4.8576,7.4273
2014-12-08,4.9429,7.497
2014-12-09,5.1475,7.6121
2014-12-10,5.1909,7.791
2014-12-11,5.0793,7.8294
2014-12-12,5.058,7.7748
2014-12-15,5.028,7.7727
2014-12-16,5.0994,7.7912
2014-12-17,5.1146,7.8227
2014-12-18,5.1021,7.8248
2014-12-19,5.0721,7.8316
2014-12-22,5.0646,7.8015
2014-12-23,5.0147,7.7787
2014-12-24,4.9361,7.7673
2014-12-25,4.8836,7.6627
2014-12-26,4.8744,7.6073
2014-12-29,4.8584,7.5837
2014-12-30,4.8372,7.5566
2014-12-31,4.8168,7.5608
2015-01-04,4.8219,7.5534
2015-01-05,4.8103,7.5183
2015-01-06,4.7813,7.5023
2015-01-07,4.7648,7.453
2015-01-08,4.7669,7.4258
2015-01-09,4.7363,7.4181
2015-01-12,4.7069,7.4095
2015-01-13,4.677,7.3785
2015-01-14,4.587,7.3339
2015-01-15,4.5677,7.2414
2015-01-16,4.5261,7.1881
2015-01-19,4.505,7.1252
2015-01-20,4.4947,7.1284
2015-01-21,4.4685,7.1104
2015-01-22,4.4595,7.1016
2015-01-23,4.4517,7.1036
2015-01-26,4.4631,7.0822
2015-01-27,4.4637,7.1041
2015-01-28,4.4792,7.103
2015-01-29,4.4769,7.1259
2015-01-30,4.4711,7.0832
2015-02-02,4.4915,7.1284
2015-02-03,4.5224,7.134
2015-02-04,4.5426,7.138
2015-02-05,4.5128,7.1002
2015-02-06,4.5143,7.1439
2015-02-09,4.4834,7.1742
2015-02-10,4.4362,7.1084
2015-02-11,4.3846,7.0818
2015-02-12,4.3611,7.0518
2015-02-13,4.3169,6.9935
2015-02-15,4.3274,6.9004
2015-02-16,4.2755,6.9234
2015-02-17,4.2441,6.9147
2015-02-25,4.2238,6.8344
2015-02-26,4.2455,6.8705
2015-02-27,4.2661,6.8949
2015-02-28,4.2655,6.9169
2015-03-02,4.2641,6.9419
2015-03-03,4.3312,6.9832
2015-03-04,4.3397,6.9777
2015-03-05,4.4017,6.9958
2015-03-06,4.4199,7.0442
2015-03-09,4.4294,7.1512
2015-03-10,4.4593,7.0588
2015-03-11,4.4291,7.0561
2015-03-12,4.4155,7.0539
2015-03-13,4.4476,7.1016
2015-03-16,4.4468,7.0634
2015-03-17,4.4776,7.0637
2015-03-18,4.5276,7.0414
2015-03-19,4.513,7.0693
2015-03-20,4.5116,7.0677
2015-03-23,4.5239,7.038
2015-03-24,4.5758,7.0785
2015-03-25,4.5974,7.1246
2015-03-26,4.6669,7.135
2015-03-27,4.7608,7.1883
2015-03-30,4.8476,7.2653
2015-03-31,4.9241,7.3031
2015-04-01,4.8621,7.3413
2015-04-02,4.8123,7.3519
2015-04-03,4.8012,7.3133
2015-04-07,4.8445,7.2506
2015-04-08,4.8758,7.2285
2015-04-09,4.8579,7.2535
2015-04-10,4.8254,7.2777
2015-04-13,4.7881,7.2409
2015-04-14,4.7496,7.1927
2015-04-15,4.613,7.1304
2015-04-16,4.615,7.0781
2015-04-17,4.6152,7.113
2015-04-20,4.4622,7.0586
2015-04-21,4.3488,6.9317
2015-04-22,4.3855,6.8551
2015-04-23,4.4118,6.8509
2015-04-24,4.4493,6.9376
2015-04-27,4.4515,6.9257
2015-04-28,4.4179,6.9244
2015-04-29,4.3953,6.9581
2015-04-30,4.3955,6.927
2015-05-04,4.3685,6.9283
2015-05-05,4.3802,6.8748
2015-05-06,4.3966,6.8241
2015-05-07,4.3997,6.8962
2015-05-08,4.4027,6.8652
2015-05-11,4.3777,6.7877
2015-05-12,4.3006,6.7692
2015-05-13,4.2701,6.6796
2015-05-14,4.1957,6.6572
2015-05-15,4.1291,6.6307
2015-05-18,4.0759,6.6061
2015-05-19,4.1233,6.5748
2015-05-20,4.1857,6.6528
2015-05-21,4.2272,6.6765
2015-05-22,4.2625,6.7243
2015-05-25,4.268,6.7608
2015-05-26,4.2709,6.7909
2015-05-27,4.278,6.767
2015-05-28,4.3223,6.7748
2015-05-29,4.4998,6.7295
2015-06-01,4.4146,6.8712
2015-06-02,4.3902,6.9179
2015-06-03,4.3595,6.8937
2015-06-04,4.3399,6.8542
2015-06-05,4.3437,6.831
2015-06-08,4.3613,6.842
2015-06-09,4.3375,6.8556
2015-06-10,4.3373,6.9009
2015-06-11,4.3594,6.8965
2015-06-12,4.3748,6.9179
2015-06-15,4.4009,6.9275
2015-06-16,4.3993,6.9577
2015-06-17,4.3928,6.9554
2015-06-18,4.372,6.9426
2015-06-19,4.3992,6.949
2015-06-23,4.43,6.9321
2015-06-24,4.4447,6.9551
2015-06-25,4.4499,6.978
2015-06-26,4.4681,6.9579
2015-06-29,4.47,6.9258
2015-06-30,4.4436,6.968
2015-07-01,4.4482,6.978
2015-07-02,4.4553,6.9771
2015-07-03,4.4314,6.9611
2015-07-06,4.381,6.9374
2015-07-07,4.2565,6.8956
2015-07-08,4.1781,6.8015
2015-07-09,4.2349,6.7019
2015-07-10,4.2224,6.7565
2015-07-13,4.2534,6.7814
2015-07-14,4.2424,6.8343
2015-07-15,4.2607,6.8
2015-07-16,4.258,6.8198
2015-07-17,4.2554,6.8138
2015-07-20,4.2351,6.8208
2015-07-21,4.2424,6.8318
2015-07-22,4.2263,6.8049
2015-07-23,4.1733,6.7794
2015-07-24,4.1158,6.745
2015-07-27,4.1487,6.6832
2015-07-28,4.1398,6.714
2015-07-29,4.1268,6.6891
2015-07-30,4.1255,6.7361
2015-07-31,4.1363,6.7379
2015-08-03,4.1255,6.7351
2015-08-04,4.1358,6.7463
2015-08-05,4.1359,6.7644
2015-08-06,4.126,6.7653
2015-08-07,4.0929,6.7319
2015-08-10,4.0562,6.7214
2015-08-11,4.1419,6.7098
2015-08-12,4.1514,6.7593
2015-08-13,4.1724,6.7469
2015-08-14,4.1874,6.7414
2015-08-17,4.181,6.7875
2015-08-18,4.1779,6.7818
2015-08-19,4.1648,6.7838
2015-08-20,4.1652,6.7992
2015-08-21,4.1511,6.7765
2015-08-24,4.1414,6.754
2015-08-25,4.1031,6.7235
2015-08-26,4.1428,6.7318
2015-08-27,4.1482,6.7763
2015-08-28,4.1534,6.7607
2015-08-31,4.1085,6.8032
2015-09-01,4.0769,6.7442
2015-09-02,4.0512,6.7074
2015-09-06,4.0283,6.6751
2015-09-07,4.0467,6.6962
2015-09-08,4.045,6.6717
2015-09-09,4.0671,6.6731
2015-09-10,4.0998,6.6936
2015-09-11,4.1093,6.7243
2015-09-14,4.1102,6.746
2015-09-15,4.1211,6.7652
2015-09-16,4.1046,6.7597
2015-09-17,4.0807,6.7403
2015-09-18,4.0644,6.745
2015-09-21,4.0483,6.722
2015-09-22,4.0619,6.6773
2015-09-23,4.0916,6.6794
2015-09-24,4.0814,6.6783
2015-09-25,4.0692,6.6642
2015-09-28,4.0706,6.6608
2015-09-29,4.0454,6.6754
2015-09-30,4.0474,6.6769
2015-10-08,4.0359,6.6816
2015-10-09,4.0047,6.6659
2015-10-10,3.9869,6.655
2015-10-12,3.9842,6.6262
2015-10-13,3.9639,6.5873
2015-10-14,3.9014,6.5657
2015-10-15,3.9005,6.4862
2015-10-16,3.9137,6.477
2015-10-19,3.9213,6.5207
2015-10-20,3.9229,6.5549
2015-10-21,3.889,6.5407
2015-10-22,3.9116,6.4968
2015-10-23,3.8925,6.5193
2015-10-26,3.8282,6.4899
2015-10-27,3.7973,6.4283
2015-10-28,3.7351,6.3774
2015-10-29,3.7135,6.3473
2015-10-30,3.7344,6.2596
2015-11-02,3.7348,6.257
2015-11-03,3.7445,6.258
2015-11-04,3.7691,6.2912
2015-11-05,3.7676,6.3119
2015-11-06,3.7759,6.3227
2015-11-09,3.8613,6.3007
2015-11-10,3.9408,6.3677
2015-11-11,3.9509,6.4228
2015-11-12,3.9609,6.4667
2015-11-13,3.9337,6.4658
2015-11-16,3.9415,6.4646
2015-11-17,3.9328,6.4397
2015-11-18,3.9332,6.4903
2015-11-19,3.9655,6.4858
2015-11-20,3.9435,6.4682
2015-11-23,3.9305,6.4361
2015-11-24,3.9,6.4164
2015-11-25,3.8868,6.4125
2015-11-26,3.8621,6.4122
2015-11-27,3.825,6.3678
2015-11-30,3.8263,6.3462
2015-12-01,3.7795,6.3201
2015-12-02,3.7542,6.3378
2015-12-03,3.7241,6.3351
2015-12-04,3.6277,6.3211
2015-12-07,3.6462,6.2955
2015-12-08,3.5993,6.2753
2015-12-09,3.5945,6.2583
2015-12-10,3.6094,6.27
2015-12-11,3.5826,6.2837
2015-12-14,3.5764,6.2771
2015-12-15,3.5943,6.2739
2015-12-16,3.5754,6.2936
2015-12-17,3.5563,6.3037
2015-12-18,3.5585,6.3072
2015-12-21,3.5107,6.325
2015-12-22,3.4275,6.2618
2015-12-23,3.4397,6.1766
2015-12-24,3.4092,6.158
2015-12-25,3.3788,6.1218
2015-12-28,3.3516,6.1352
2015-12-29,3.3409,6.1121
2015-12-30,3.3157,6.0931
2015-12-31,3.3236,6.0941
2016-01-04,3.3305,6.1182
2016-01-05,3.347,6.1177
2016-01-06,3.3459,6.1489
2016-01-07,3.3266,6.1118
2016-01-08,3.3008,6.0696
2016-01-11,3.2835,6.0287
2016-01-12,3.2378,6.0295
2016-01-13,3.2208,5.971
2016-01-14,3.1934,5.9425
2016-01-15,3.2168,5.901
2016-01-18,3.2314,5.9366
2016-01-19,3.2659,5.9686
2016-01-20,3.287,6.0053
2016-01-21,3.3102,5.9924
2016-01-22,3.2721,6.0102
2016-01-25,3.3075,5.9924
2016-01-26,3.3425,6.0345
2016-01-27,3.3832,6.034
2016-01-28,3.4092,6.0633
2016-01-29,3.37,6.0816
2016-02-01,3.3423,6.0571
2016-02-02,3.3426,6.0241
2016-02-03,3.3982,6.0375
2016-02-04,3.3908,6.0608
2016-02-05,3.3891,6.0624
2016-02-06,3.3892,6.0659
2016-02-14,3.3494,6.0658
2016-02-15,3.3371,6.0428
2016-02-16,3.3339,6.0146
2016-02-17,3.3346,6.0361
2016-02-18,3.337,6.0351
2016-02-19,3.297,6.0375
2016-02-22,3.322,6.0118
2016-02-23,3.3228,5.9972
2016-02-24,3.3169,5.9972
2016-02-25,3.3246,5.9983
2016-02-26,3.3317,5.9863
2016-02-29,3.3307,6.0096
2016-03-01,3.3342,6.0302
2016-03-02,3.3304,5.9935
2016-03-03,3.3296,6.0406
2016-03-04,3.3405,5.9821
2016-03-07,3.3439,5.9986
2016-03-08,3.3269,6
2016-03-09,3.306,5.9988
2016-03-10,3.274,5.9709
2016-03-11,3.2737,5.9545
2016-03-14,3.2711,5.9187
2016-03-15,3.2595,5.9188
2016-03-16,3.2606,5.9236
2016-03-17,3.2319,5.9313
2016-03-18,3.2347,5.9153
2016-03-21,3.2507,5.905