date,CN sov 5 year,CN AA minus 5 spot
2006-03-01,2.4032,
2006-03-02,2.4634,
2006-03-03,2.4472,
2006-03-06,2.4778,
2006-03-07,2.4508,
2006-03-08,2.4277,
2006-03-09,2.4172,
2006-03-10,2.4285,
2006-03-13,2.4431,
2006-03-14,2.4388,
2006-03-15,2.4404,
2006-03-16,2.4321,
2006-03-17,2.4156,
2006-03-20,2.4257,
2006-03-21,2.4179,
2006-03-23,2.5288,
2006-03-24,2.5227,
2006-03-28,2.5928,
2006-03-29,2.5896,
2006-03-30,2.5067,
2006-03-31,2.5924,
2006-04-03,2.5145,
2006-04-04,2.5295,
2006-04-05,2.5418,
2006-04-06,2.5312,
2006-04-07,2.5217,
2006-04-10,2.595,
2006-04-11,2.616,
2006-04-12,2.6209,
2006-04-13,2.6275,
2006-04-14,2.6417,
2006-04-17,2.672,
2006-04-18,2.6694,
2006-04-19,2.6775,
2006-04-20,2.6524,
2006-04-21,2.657,
2006-04-24,2.6606,
2006-04-25,2.6846,
2006-04-26,2.6782,
2006-04-27,2.6427,
2006-04-28,2.6036,
2006-04-29,2.593,
2006-04-30,2.5782,
2006-05-08,2.5761,
2006-05-09,2.554,
2006-05-10,2.5668,
2006-05-11,2.5555,
2006-05-12,2.5831,
2006-05-15,2.5996,
2006-05-16,2.5223,
2006-05-17,2.4809,
2006-05-18,2.4826,
2006-05-19,2.4824,
2006-05-22,2.4815,
2006-05-23,2.4875,
2006-05-24,2.4789,
2006-05-25,2.4814,
2006-05-26,2.4859,
2006-05-29,2.4961,
2006-05-30,2.4863,
2006-05-31,2.4867,
2006-06-01,2.5026,
2006-06-02,2.5307,
2006-06-05,2.5737,
2006-06-06,2.6169,
2006-06-07,2.6315,
2006-06-08,2.6061,
2006-06-09,2.6028,
2006-06-12,2.5948,
2006-06-13,2.6724,
2006-06-14,2.7111,
2006-06-15,2.6948,
2006-06-16,2.6795,
2006-06-19,2.7411,
2006-06-20,2.7201,
2006-06-21,2.7437,
2006-06-22,2.7621,
2006-06-23,2.7757,
2006-06-26,2.7676,
2006-06-27,2.7605,
2006-06-28,2.7507,
2006-06-29,2.6827,
2006-06-30,2.7557,
2006-07-03,2.7492,
2006-07-04,2.7305,
2006-07-05,2.7607,
2006-07-06,2.7662,
2006-07-07,2.7537,
2006-07-10,2.7243,
2006-07-11,2.6939,
2006-07-12,2.7097,
2006-07-13,2.742,
2006-07-14,2.8228,
2006-07-17,2.8021,
2006-07-18,2.8193,
2006-07-19,2.7752,
2006-07-20,2.7738,
2006-07-21,2.7965,
2006-07-24,2.9048,
2006-07-25,2.8715,
2006-07-26,2.8773,
2006-07-27,2.8546,
2006-07-28,2.8533,
2006-07-31,2.837,
2006-08-01,2.8362,
2006-08-02,2.8515,
2006-08-03,2.8414,
2006-08-04,2.8815,
2006-08-07,2.8848,
2006-08-08,2.8554,
2006-08-09,2.8513,
2006-08-10,2.8401,
2006-08-11,2.8346,
2006-08-14,2.8135,
2006-08-15,2.8039,
2006-08-16,2.7826,
2006-08-17,2.7799,
2006-08-18,2.7616,
2006-08-21,2.8311,
2006-08-22,2.817,
2006-08-23,2.8069,
2006-08-24,2.8007,
2006-08-25,2.7957,
2006-08-28,2.7938,
2006-08-29,2.7944,
2006-08-30,2.7847,
2006-08-31,2.7832,
2006-09-01,2.7794,
2006-09-04,2.7747,
2006-09-05,2.7693,
2006-09-06,2.7636,
2006-09-07,2.7565,
2006-09-08,2.7587,
2006-09-11,2.7602,
2006-09-12,2.7521,
2006-09-13,2.7593,
2006-09-14,2.7489,
2006-09-15,2.7274,
2006-09-18,2.7271,
2006-09-19,2.6943,
2006-09-20,2.6844,
2006-09-21,2.6785,
2006-09-22,2.66,
2006-09-25,2.6715,
2006-09-26,2.6896,
2006-09-27,2.6924,
2006-09-28,2.6922,
2006-09-29,2.6905,
2006-09-30,2.6731,
2006-10-08,2.6654,
2006-10-09,2.6621,
2006-10-10,2.6792,
2006-10-11,2.6872,
2006-10-12,2.6812,
2006-10-13,2.6176,
2006-10-16,2.6188,
2006-10-17,2.6146,
2006-10-18,2.6138,
2006-10-19,2.6147,
2006-10-20,2.5584,
2006-10-23,2.5424,
2006-10-24,2.5347,
2006-10-25,2.5347,
2006-10-26,2.5835,
2006-10-27,2.5416,
2006-10-30,2.54,
2006-10-31,2.5431,
2006-11-01,2.5444,
2006-11-02,2.5481,
2006-11-03,2.5474,
2006-11-06,2.5931,
2006-11-07,2.5682,
2006-11-08,2.5686,
2006-11-09,2.5558,
2006-11-10,2.5472,
2006-11-13,2.5514,
2006-11-14,2.5524,
2006-11-15,2.5533,
2006-11-16,2.5531,
2006-11-17,2.5535,
2006-11-20,2.5856,
2006-11-21,2.5859,
2006-11-22,2.633,
2006-11-23,2.6605,
2006-11-24,2.6626,
2006-11-27,2.6229,
2006-11-28,2.6253,
2006-11-29,2.6267,
2006-11-30,2.5778,
2006-12-01,2.5601,
2006-12-04,2.5668,
2006-12-05,2.5667,
2006-12-06,2.5668,
2006-12-07,2.5726,
2006-12-08,2.6199,
2006-12-11,2.6096,
2006-12-12,2.6134,
2006-12-13,2.6176,
2006-12-14,2.603,
2006-12-15,2.5957,
2006-12-18,2.617,
2006-12-19,2.5955,
2006-12-20,2.5945,
2006-12-21,2.5962,
2006-12-22,2.6236,
2006-12-25,2.6347,
2006-12-26,2.6386,
2006-12-27,2.6385,
2006-12-28,2.6241,
2006-12-29,2.6161,
2006-12-30,2.6186,
2006-12-31,2.6179,
2007-01-04,2.6206,
2007-01-05,2.6077,
2007-01-08,2.6061,
2007-01-09,2.6063,
2007-01-10,2.6002,
2007-01-11,2.5895,
2007-01-12,2.5945,
2007-01-15,2.6389,
2007-01-16,2.6247,
2007-01-17,2.62,
2007-01-18,2.6157,
2007-01-19,2.6223,
2007-01-22,2.6341,
2007-01-23,2.6573,
2007-01-24,2.6596,
2007-01-25,2.6613,
2007-01-26,2.663,
2007-01-29,2.6538,
2007-01-30,2.7138,
2007-01-31,2.725,
2007-02-01,2.7186,
2007-02-02,2.7178,
2007-02-05,2.7467,
2007-02-06,2.761,
2007-02-07,2.7615,
2007-02-08,2.7598,
2007-02-09,2.7605,
2007-02-12,2.784,
2007-02-13,2.7897,
2007-02-14,2.793,
2007-02-15,2.8156,
2007-02-16,2.812,
2007-02-17,2.7928,
2007-02-25,2.7676,
2007-02-26,2.7958,
2007-02-27,2.8076,
2007-02-28,2.7873,
2007-03-01,2.8027,
2007-03-02,2.8019,
2007-03-05,2.802,
2007-03-06,2.799,
2007-03-07,2.8041,
2007-03-08,2.8005,
2007-03-09,2.8047,
2007-03-12,2.8033,
2007-03-13,2.8139,
2007-03-14,2.8152,
2007-03-15,2.83,
2007-03-16,2.8968,
2007-03-19,2.8896,
2007-03-20,2.8864,
2007-03-21,2.8893,
2007-03-22,2.9008,
2007-03-23,2.903,
2007-03-26,2.8893,
2007-03-27,2.894,
2007-03-28,2.9031,
2007-03-29,2.8995,
2007-03-30,2.899,
2007-04-02,2.8944,
2007-04-03,2.9034,
2007-04-04,2.8958,
2007-04-05,2.8893,
2007-04-06,2.9167,
2007-04-09,2.9511,
2007-04-10,2.9941,
2007-04-11,3.0139,
2007-04-12,3.0265,
2007-04-13,3.0243,
2007-04-16,3.0283,
2007-04-17,3.0844,
2007-04-18,3.1757,
2007-04-19,3.2296,
2007-04-20,3.251,
2007-04-23,3.2603,
2007-04-24,3.2589,
2007-04-25,3.2347,
2007-04-26,3.2061,
2007-04-27,3.2068,
2007-04-28,3.1898,
2007-04-29,3.1807,
2007-04-30,3.2127,
2007-05-08,3.2321,
2007-05-09,3.2378,
2007-05-10,3.2582,
2007-05-11,3.2821,
2007-05-14,3.3005,
2007-05-15,3.3283,
2007-05-16,3.3217,
2007-05-17,3.38,
2007-05-18,3.3795,
2007-05-21,3.5509,
2007-05-22,3.5593,
2007-05-23,3.5321,
2007-05-24,3.5119,
2007-05-25,3.5441,
2007-05-28,3.5715,
2007-05-29,3.5774,
2007-05-30,3.5708,
2007-05-31,3.558,
2007-06-01,3.5756,
2007-06-04,3.5879,
2007-06-05,3.6142,
2007-06-06,3.5975,
2007-06-07,3.6113,
2007-06-08,3.6636,
2007-06-11,3.6952,
2007-06-12,3.7436,
2007-06-13,3.7514,
2007-06-14,3.7624,
2007-06-15,3.8123,
2007-06-18,3.826,
2007-06-19,3.8947,
2007-06-20,3.8919,
2007-06-21,4.049,
2007-06-22,4.0512,
2007-06-25,4.0577,
2007-06-26,4.0619,
2007-06-27,4.0522,
2007-06-28,4.0562,
2007-06-29,4.0565,
2007-07-02,4.0565,
2007-07-03,4.0409,
2007-07-04,4.0416,
2007-07-05,4.0184,
2007-07-06,4.0402,
2007-07-09,4.0376,
2007-07-10,4.007,
2007-07-11,4.0183,
2007-07-12,4.0146,
2007-07-13,4.0311,
2007-07-16,4.0182,
2007-07-17,4.017,
2007-07-18,4.008,
2007-07-19,4.005,
2007-07-20,4.0159,
2007-07-23,4.0532,
2007-07-24,4.0767,
2007-07-25,3.9824,
2007-07-26,3.9249,
2007-07-27,3.8776,
2007-07-30,3.8775,
2007-07-31,3.8946,
2007-08-01,3.884,
2007-08-02,3.8592,
2007-08-03,3.8765,
2007-08-06,3.8268,
2007-08-07,3.8995,
2007-08-08,3.8927,
2007-08-09,3.9174,
2007-08-10,3.8945,
2007-08-13,3.9195,
2007-08-14,3.921,
2007-08-15,3.9152,
2007-08-16,3.914,
2007-08-17,3.9274,
2007-08-20,3.9093,
2007-08-21,3.8446,
2007-08-22,3.8333,
2007-08-23,3.7776,
2007-08-24,3.7655,
2007-08-27,3.7802,
2007-08-28,3.7748,
2007-08-29,3.8031,
2007-08-30,3.8019,
2007-08-31,3.8063,
2007-09-03,3.8193,
2007-09-04,3.7754,
2007-09-05,3.8087,
2007-09-06,3.8019,
2007-09-07,3.9408,
2007-09-10,3.8788,
2007-09-11,3.9715,
2007-09-12,4.0074,
2007-09-13,3.9909,
2007-09-14,4.1669,
2007-09-17,4.3086,
2007-09-18,4.2972,
2007-09-19,4.2536,
2007-09-20,4.249,
2007-09-21,4.2051,
2007-09-24,4.2084,
2007-09-25,4.1418,
2007-09-26,4.116,
2007-09-27,4.103,
2007-09-28,4.0739,
2007-09-29,3.9976,
2007-09-30,4.0125,
2007-10-08,4.1845,
2007-10-09,4.16,
2007-10-10,4.1394,
2007-10-11,4.1106,
2007-10-12,4.1435,
2007-10-15,4.1101,
2007-10-16,4.1358,
2007-10-17,4.1521,
2007-10-18,4.192,
2007-10-19,4.1962,
2007-10-22,4.2333,
2007-10-23,4.284,
2007-10-24,4.2729,
2007-10-25,4.2837,
2007-10-26,4.3004,
2007-10-29,4.2754,
2007-10-30,4.258,
2007-10-31,4.2648,
2007-11-01,4.2808,
2007-11-02,4.3066,
2007-11-05,4.3238,
2007-11-06,4.3443,
2007-11-07,4.3536,
2007-11-08,4.4083,
2007-11-09,4.4272,
2007-11-12,4.4439,
2007-11-13,4.4447,
2007-11-14,4.4618,
2007-11-15,4.4728,
2007-11-16,4.4664,
2007-11-19,4.4885,
2007-11-20,4.4809,
2007-11-21,4.4543,
2007-11-22,4.45,
2007-11-23,4.4062,
2007-11-26,4.3773,
2007-11-27,4.3671,
2007-11-28,4.3411,
2007-11-29,4.3817,
2007-11-30,4.3874,
2007-12-03,4.4026,
2007-12-04,4.4267,
2007-12-05,4.4095,
2007-12-06,4.3929,
2007-12-07,4.381,
2007-12-10,4.383,
2007-12-11,4.3806,
2007-12-12,4.3741,
2007-12-13,4.4094,
2007-12-14,4.4109,
2007-12-17,4.4337,
2007-12-18,4.4317,
2007-12-19,4.4211,
2007-12-20,4.395,
2007-12-21,4.4407,
2007-12-24,4.4227,
2007-12-25,4.4321,
2007-12-26,4.3911,
2007-12-27,4.3564,
2007-12-28,4.353,
2007-12-29,4.3082,
2008-01-02,4.351,
2008-01-03,4.3441,
2008-01-04,4.351,
2008-01-07,4.3565,
2008-01-08,4.3437,
2008-01-09,4.3502,
2008-01-10,4.343,
2008-01-11,4.3304,
2008-01-14,4.3236,
2008-01-15,4.3134,
2008-01-16,4.3136,
2008-01-17,4.3241,
2008-01-18,4.3165,
2008-01-21,4.3314,
2008-01-22,4.3118,
2008-01-23,4.2723,
2008-01-24,4.2249,
2008-01-25,4.2314,
2008-01-28,4.167,
2008-01-29,4.1404,
2008-01-30,4.1176,
2008-01-31,4.0757,
2008-02-01,3.9616,
2008-02-02,3.8684,
2008-02-03,3.9272,
2008-02-04,3.9762,
2008-02-05,3.9422,
2008-02-13,3.9539,
2008-02-14,3.9553,
2008-02-15,3.9664,
2008-02-18,3.9899,
2008-02-19,4.0062,
2008-02-20,4.0402,
2008-02-21,4.0034,
2008-02-22,3.9934,
2008-02-25,3.9896,
2008-02-26,4.0004,
2008-02-27,3.9925,
2008-02-28,4.0094,
2008-02-29,4.0296,
2008-03-03,4.0403,
2008-03-04,4.0422,
2008-03-05,4.0662,
2008-03-06,4.0701,
2008-03-07,4.074,
2008-03-10,4.0686,
2008-03-11,4.0691,
2008-03-12,4.0579,
2008-03-13,4.0535,
2008-03-14,4.053,
2008-03-17,4.0533,
2008-03-18,4.0499,
2008-03-19,4.0351,
2008-03-20,4.0062,
2008-03-21,3.992,
2008-03-24,3.9674,
2008-03-25,3.8819,
2008-03-26,3.8791,
2008-03-27,3.8617,
2008-03-28,3.87,
2008-03-31,3.8776,
2008-04-01,3.8883,
2008-04-02,3.8827,
2008-04-03,3.873,
2008-04-07,3.8743,
2008-04-08,3.8814,
2008-04-09,3.8809,
2008-04-10,3.8778,
2008-04-11,3.8721,
2008-04-14,3.8608,
2008-04-15,3.8608,
2008-04-16,3.8706,
2008-04-17,3.8556,
2008-04-18,3.8306,
2008-04-21,3.8521,
2008-04-22,3.84,
2008-04-23,3.8435,
2008-04-24,3.8747,
2008-04-25,3.8576,
2008-04-28,3.8562,
2008-04-29,3.8701,
2008-04-30,3.8925,
2008-05-04,3.8057,
2008-05-05,3.8755,
2008-05-06,3.8857,
2008-05-07,3.9545,
2008-05-08,3.9578,
2008-05-09,3.9559,
2008-05-12,3.9627,
2008-05-13,3.9576,
2008-05-14,3.9584,
2008-05-15,3.961,
2008-05-16,3.9587,
2008-05-19,3.9642,
2008-05-20,3.9634,
2008-05-21,3.9643,
2008-05-22,3.954,
2008-05-23,3.9589,
2008-05-26,3.9713,
2008-05-27,3.9759,
2008-05-28,3.9895,
2008-05-29,3.99,
2008-05-30,3.9862,
2008-06-02,3.9886,
2008-06-03,3.9775,
2008-06-04,3.979,
2008-06-05,3.9834,
2008-06-06,3.9914,
2008-06-10,4.0199,
2008-06-11,4.0959,
2008-06-12,4.1296,
2008-06-13,4.1168,
2008-06-16,4.1392,
2008-06-17,4.1219,
2008-06-18,4.1141,
2008-06-19,4.1291,
2008-06-20,4.1675,
2008-06-23,4.1762,
2008-06-24,4.1965,
2008-06-25,4.217,
2008-06-26,4.2756,
2008-06-27,4.3169,
2008-06-30,4.3439,
2008-07-01,4.3877,
2008-07-02,4.3636,
2008-07-03,4.3814,
2008-07-04,4.3825,
2008-07-07,4.3538,
2008-07-08,4.3224,
2008-07-09,4.3021,
2008-07-10,4.2684,
2008-07-11,4.2635,
2008-07-14,4.288,
2008-07-15,4.2713,
2008-07-16,4.2736,
2008-07-17,4.3005,
2008-07-18,4.3235,
2008-07-21,4.3318,
2008-07-22,4.3412,
2008-07-23,4.3423,
2008-07-24,4.3172,
2008-07-25,4.3153,
2008-07-28,4.3512,
2008-07-29,4.3519,
2008-07-30,4.3287,
2008-07-31,4.3216,
2008-08-01,4.3582,
2008-08-04,4.3588,
2008-08-05,4.3539,
2008-08-06,4.3522,
2008-08-07,4.3329,
2008-08-08,4.3341,
2008-08-11,4.3543,
2008-08-12,4.3534,
2008-08-13,4.3267,
2008-08-14,4.3003,
2008-08-15,4.2648,
2008-08-18,4.2292,
2008-08-19,4.1908,
2008-08-20,4.178,
2008-08-21,4.1744,
2008-08-22,4.167,
2008-08-25,4.1346,
2008-08-26,4.1304,
2008-08-27,4.1118,
2008-08-28,4.1021,
2008-08-29,4.0557,
2008-09-01,4.0448,
2008-09-02,4.0397,
2008-09-03,4.0566,
2008-09-04,4.0653,
2008-09-05,4.0808,
2008-09-08,4.0755,
2008-09-09,4.0157,
2008-09-10,3.9673,
2008-09-11,3.9651,
2008-09-12,3.8526,
2008-09-16,3.6407,
2008-09-17,3.543,
2008-09-18,3.5787,
2008-09-19,3.6076,
2008-09-22,3.6634,
2008-09-23,3.7196,
2008-09-24,3.6074,
2008-09-25,3.6316,
2008-09-26,3.6078,
2008-09-27,3.5739,
2008-09-28,3.5747,
2008-10-06,3.5998,
2008-10-07,3.4864,
2008-10-08,3.2945,
2008-10-09,3.0125,
2008-10-10,2.9603,
2008-10-13,2.957,
2008-10-14,3.1035,
2008-10-15,3.021,
2008-10-16,3.0257,
2008-10-17,3.0734,
2008-10-20,3.1,
2008-10-21,3.0833,
2008-10-22,3.0775,
2008-10-23,3.0885,
2008-10-24,3.0609,
2008-10-27,3.0681,
2008-10-28,2.9556,
2008-10-29,2.8924,
2008-10-30,2.8792,
2008-10-31,2.8689,
2008-11-03,2.8702,
2008-11-04,2.9049,
2008-11-05,2.8626,
2008-11-06,2.839,
2008-11-07,2.7669,
2008-11-10,2.6727,
2008-11-11,2.6644,
2008-11-12,2.6301,
2008-11-13,2.5098,
2008-11-14,2.5923,
2008-11-17,2.6885,
2008-11-18,2.6384,
2008-11-19,2.7389,
2008-11-20,2.681,
2008-11-21,2.7152,
2008-11-24,2.664,
2008-11-25,2.6773,
2008-11-26,2.609,
2008-11-27,2.4871,
2008-11-28,2.5393,
2008-12-01,2.5245,
2008-12-02,2.4758,
2008-12-03,2.4762,
2008-12-04,2.4215,
2008-12-05,2.2277,
2008-12-08,2.2458,
2008-12-09,2.2799,
2008-12-10,2.222,
2008-12-11,2.2224,
2008-12-12,2.1393,
2008-12-15,2.1269,
2008-12-16,2.0697,
2008-12-17,1.9584,
2008-12-18,1.9634,
2008-12-19,1.9462,
2008-12-22,1.9516,
2008-12-23,1.9567,
2008-12-24,1.9342,
2008-12-25,1.9313,
2008-12-26,1.9301,
2008-12-29,1.9216,
2008-12-30,1.9139,
2008-12-31,1.9355,
2009-01-04,1.8449,
2009-01-05,1.9264,
2009-01-06,1.9249,
2009-01-07,1.9144,
2009-01-08,1.9077,
2009-01-09,1.8566,
2009-01-12,1.897,
2009-01-13,1.9344,
2009-01-14,1.9936,
2009-01-15,2.1854,
2009-01-16,2.277,
2009-01-19,2.3114,
2009-01-20,2.5121,
2009-01-21,2.4913,
2009-01-22,2.3869,
2009-01-23,2.3556,
2009-01-24,2.3116,
2009-02-01,2.3486,
2009-02-02,2.4295,
2009-02-03,2.5816,
2009-02-04,2.7053,
2009-02-05,2.8071,
2009-02-06,2.7348,
2009-02-09,2.7065,
2009-02-10,2.6815,
2009-02-11,2.5796,
2009-02-12,2.5078,
2009-02-13,2.5078,
2009-02-16,2.5378,
2009-02-17,2.563,
2009-02-18,2.4922,
2009-02-19,2.4951,
2009-02-20,2.4823,
2009-02-23,2.4937,
2009-02-24,2.4618,
2009-02-25,2.4483,
2009-02-26,2.4436,
2009-02-27,2.4903,
2009-03-02,2.5099,
2009-03-03,2.5182,
2009-03-04,2.5664,
2009-03-05,2.5626,
2009-03-06,2.569,
2009-03-09,2.571,
2009-03-10,2.5565,
2009-03-11,2.5264,
2009-03-12,2.5249,
2009-03-13,2.5123,
2009-03-16,2.5086,
2009-03-17,2.4947,
2009-03-18,2.4927,
2009-03-19,2.4858,
2009-03-20,2.5358,
2009-03-23,2.5671,
2009-03-24,2.5852,
2009-03-25,2.5821,
2009-03-26,2.5891,
2009-03-27,2.5978,
2009-03-30,2.5824,
2009-03-31,2.5697,
2009-04-01,2.4748,
2009-04-02,2.4741,
2009-04-03,2.5107,
2009-04-07,2.5168,
2009-04-08,2.5646,
2009-04-09,2.5727,
2009-04-10,2.579,
2009-04-13,2.5754,
2009-04-14,2.5722,
2009-04-15,2.6185,
2009-04-16,2.6212,
2009-04-17,2.5711,
2009-04-20,2.5785,
2009-04-21,2.5575,
2009-04-22,2.5663,
2009-04-23,2.5739,
2009-04-24,2.582,
2009-04-27,2.5951,
2009-04-28,2.6014,
2009-04-29,2.5917,
2009-04-30,2.6046,
2009-05-04,2.5756,
2009-05-05,2.5441,
2009-05-06,2.5721,
2009-05-07,2.559,
2009-05-08,2.5494,
2009-05-11,2.5512,
2009-05-12,2.5399,
2009-05-13,2.5296,
2009-05-14,2.5235,
2009-05-15,2.5133,
2009-05-18,2.5046,
2009-05-19,2.4921,
2009-05-20,2.4879,
2009-05-21,2.4891,
2009-05-22,2.5027,
2009-05-25,2.5123,
2009-05-26,2.5021,
2009-05-27,2.5018,
2009-05-31,2.4284,
2009-06-01,2.5072,
2009-06-02,2.5211,
2009-06-03,2.485,
2009-06-04,2.4994,
2009-06-05,2.5371,
2009-06-08,2.5485,
2009-06-09,2.5496,
2009-06-10,2.5483,
2009-06-11,2.5669,
2009-06-12,2.5631,
2009-06-15,2.565,
2009-06-16,2.5702,
2009-06-17,2.5772,
2009-06-18,2.5755,
2009-06-19,2.56,
2009-06-22,2.5724,
2009-06-23,2.577,
2009-06-24,2.6052,
2009-06-25,2.5921,
2009-06-26,2.6045,
2009-06-29,2.5912,
2009-06-30,2.5988,
2009-07-01,2.6237,
2009-07-02,2.6407,
2009-07-03,2.6871,
2009-07-06,2.7139,
2009-07-07,2.7101,
2009-07-08,2.7258,
2009-07-09,2.76,
2009-07-10,2.7955,
2009-07-13,2.7993,
2009-07-14,2.8605,
2009-07-15,2.926,
2009-07-16,2.9886,
2009-07-17,3.0688,
2009-07-20,3.09,
2009-07-21,3.0918,
2009-07-22,3.0311,
2009-07-23,2.9915,
2009-07-24,3.0238,
2009-07-27,3.0083,
2009-07-28,2.9948,
2009-07-29,3.022,
2009-07-30,3.0321,
2009-07-31,3.0544,
2009-08-03,3.09,
2009-08-04,3.1117,
2009-08-05,3.0988,
2009-08-06,3.0893,
2009-08-07,3.0589,
2009-08-10,3.1304,
2009-08-11,3.1385,
2009-08-12,3.1151,
2009-08-13,3.1229,
2009-08-14,3.1271,
2009-08-17,3.1378,
2009-08-18,3.1454,
2009-08-19,3.1245,
2009-08-20,3.1142,
2009-08-21,3.0779,
2009-08-24,3.0676,
2009-08-25,3.0514,
2009-08-26,3.0443,
2009-08-27,3.0397,
2009-08-28,3.0324,
2009-08-31,3.025,
2009-09-01,3.015,
2009-09-02,2.9896,
2009-09-03,2.9533,
2009-09-04,2.9581,
2009-09-07,2.9592,
2009-09-08,2.9665,
2009-09-09,2.9559,
2009-09-10,2.9754,
2009-09-11,3,
2009-09-14,2.9967,
2009-09-15,2.9746,
2009-09-16,2.9641,
2009-09-17,2.9611,
2009-09-18,2.9533,
2009-09-21,2.9648,
2009-09-22,3.0289,
2009-09-23,3.0188,
2009-09-24,3.0168,
2009-09-25,3.0157,
2009-09-27,3.0063,
2009-09-28,3.0138,
2009-09-29,3.0146,
2009-09-30,3.0206,
2009-10-09,3.0126,
2009-10-10,3.0125,
2009-10-12,3.0506,
2009-10-13,3.0906,
2009-10-14,3.1149,
2009-10-15,3.1754,
2009-10-16,3.1715,
2009-10-19,3.1796,
2009-10-20,3.1519,
2009-10-21,3.1509,
2009-10-22,3.1664,
2009-10-23,3.178,
2009-10-26,3.1674,
2009-10-27,3.184,
2009-10-28,3.1965,
2009-10-29,3.1979,
2009-10-30,3.1772,
2009-11-02,3.1922,
2009-11-03,3.1899,
2009-11-04,3.1924,
2009-11-05,3.2214,
2009-11-06,3.2226,
2009-11-09,3.2277,
2009-11-10,3.2379,
2009-11-11,3.1992,
2009-11-12,3.19,
2009-11-13,3.1852,
2009-11-16,3.1911,
2009-11-17,3.1908,
2009-11-18,3.1968,
2009-11-19,3.1798,
2009-11-20,3.1708,
2009-11-23,3.1749,
2009-11-24,3.1591,
2009-11-25,3.1457,
2009-11-26,3.1423,
2009-11-27,3.0763,
2009-11-30,3.0583,
2009-12-01,3.0624,
2009-12-02,3.0117,
2009-12-03,3.0183,
2009-12-04,3.0311,
2009-12-07,3.1052,
2009-12-08,3.0755,
2009-12-09,3.0447,
2009-12-10,3.0452,
2009-12-11,3.0584,
2009-12-14,3.034,
2009-12-15,3.047,
2009-12-16,3.0373,
2009-12-17,3.0276,
2009-12-18,3.032,
2009-12-21,3.0406,
2009-12-22,3.0452,
2009-12-23,3.0461,
2009-12-24,3.0465,
2009-12-25,3.0771,
2009-12-28,3.0794,
2009-12-29,3.067,
2009-12-30,3.0439,
2009-12-31,3.0447,
2010-01-04,3.0476,
2010-01-05,3.0789,
2010-01-06,3.0771,
2010-01-07,3.0874,
2010-01-08,3.1157,
2010-01-11,3.0986,
2010-01-12,3.0979,
2010-01-13,3.1281,
2010-01-14,3.1051,
2010-01-15,3.0963,
2010-01-18,3.0866,
2010-01-19,3.0906,
2010-01-20,3.0814,
2010-01-21,3.1018,
2010-01-22,3.0975,
2010-01-25,3.1162,
2010-01-26,3.0846,
2010-01-27,3.0637,
2010-01-28,3.0814,
2010-01-29,3.0821,
2010-02-01,3.0356,
2010-02-02,3.0219,
2010-02-03,3.0228,
2010-02-04,3.0147,
2010-02-05,3.0119,
2010-02-08,3.0205,
2010-02-09,3.0215,
2010-02-10,3.0224,
2010-02-11,3.0199,
2010-02-12,3.028,
2010-02-20,3.0382,
2010-02-21,3.0252,
2010-02-22,3.0355,
2010-02-23,3.0479,
2010-02-24,3.0065,
2010-02-25,2.9726,
2010-02-26,2.9305,
2010-03-01,2.8762,
2010-03-02,2.8591,
2010-03-03,2.8238,
2010-03-04,2.8046,
2010-03-05,2.7625,
2010-03-08,2.7521,
2010-03-09,2.7488,
2010-03-10,2.7471,
2010-03-11,2.7563,
2010-03-12,2.759,
2010-03-15,2.7524,
2010-03-16,2.7588,
2010-03-17,2.7313,
2010-03-18,2.7436,
2010-03-19,2.7436,
2010-03-22,2.7413,
2010-03-23,2.771,
2010-03-24,2.7881,
2010-03-25,2.7888,
2010-03-26,2.7896,
2010-03-29,2.8447,
2010-03-30,2.8554,
2010-03-31,2.8472,
2010-04-01,2.8329,
2010-04-02,2.8307,
2010-04-06,2.7896,
2010-04-07,2.8415,
2010-04-08,2.8908,
2010-04-09,2.9056,
2010-04-12,2.8996,
2010-04-13,2.9158,
2010-04-14,2.8769,
2010-04-15,2.8852,
2010-04-16,2.8861,
2010-04-19,2.8498,
2010-04-20,2.8105,
2010-04-21,2.801,
2010-04-22,2.797,
2010-04-23,2.7676,
2010-04-26,2.7709,
2010-04-27,2.7646,
2010-04-28,2.7142,
2010-04-29,2.6961,
2010-04-30,2.6909,
2010-05-04,2.7119,
2010-05-05,2.7005,
2010-05-06,2.6931,
2010-05-07,2.6448,
2010-05-10,2.6671,
2010-05-11,2.6714,
2010-05-12,2.6279,
2010-05-13,2.6219,
2010-05-14,2.6284,
2010-05-17,2.5466,
2010-05-18,2.5107,
2010-05-19,2.4503,
2010-05-20,2.5061,
2010-05-21,2.5283,
2010-05-24,2.529,
2010-05-25,2.5343,
2010-05-26,2.531,
2010-05-27,2.5395,
2010-05-28,2.5311,
2010-05-31,2.5309,
2010-06-01,2.5905,
2010-06-02,2.6043,
2010-06-03,2.5926,
2010-06-04,2.5808,
2010-06-07,2.57,
2010-06-08,2.574,
2010-06-09,2.6089,
2010-06-10,2.6481,
2010-06-11,2.6599,
2010-06-12,2.6564,
2010-06-13,2.6563,
2010-06-17,2.6667,
2010-06-18,2.7997,
2010-06-21,2.8114,
2010-06-22,2.7914,
2010-06-23,2.8329,
2010-06-24,2.8227,
2010-06-25,2.8,
2010-06-28,2.7441,
2010-06-29,2.6838,
2010-06-30,2.6704,
2010-07-01,2.6654,
2010-07-02,2.6544,
2010-07-05,2.6444,
2010-07-06,2.6052,
2010-07-07,2.6007,
2010-07-08,2.6086,
2010-07-09,2.6021,
2010-07-12,2.6035,
2010-07-13,2.5834,
2010-07-14,2.5795,
2010-07-15,2.579,
2010-07-16,2.573,
2010-07-19,2.5746,
2010-07-20,2.5854,
2010-07-21,2.6069,
2010-07-22,2.5951,
2010-07-23,2.6416,
2010-07-26,2.673,
2010-07-27,2.6905,
2010-07-28,2.6893,
2010-07-29,2.6912,
2010-07-30,2.7015,
2010-08-02,2.7155,
2010-08-03,2.7306,
2010-08-04,2.6898,
2010-08-05,2.6807,
2010-08-06,2.6673,
2010-08-09,2.6668,
2010-08-10,2.6549,
2010-08-11,2.6534,
2010-08-12,2.6477,
2010-08-13,2.6465,
2010-08-16,2.6376,
2010-08-17,2.6379,
2010-08-18,2.6491,
2010-08-19,2.648,
2010-08-20,2.6464,
2010-08-23,2.65,
2010-08-24,2.6556,
2010-08-25,2.6567,
2010-08-26,2.663,
2010-08-27,2.6646,
2010-08-30,2.6659,
2010-08-31,2.6705,
2010-09-01,2.6708,
2010-09-02,2.6666,
2010-09-03,2.6719,
2010-09-06,2.6756,
2010-09-07,2.706,
2010-09-08,2.7155,
2010-09-09,2.72,
2010-09-10,2.7259,
2010-09-13,2.7372,
2010-09-14,2.7543,
2010-09-15,2.7593,
2010-09-16,2.7704,
2010-09-17,2.7749,
2010-09-19,2.7849,
2010-09-20,2.7882,
2010-09-21,2.7853,
2010-09-25,2.789,
2010-09-26,2.7886,
2010-09-27,2.7868,
2010-09-28,2.7992,
2010-09-29,2.8031,
2010-09-30,2.79,
2010-10-08,2.8104,
2010-10-09,2.799,
2010-10-11,2.8291,
2010-10-12,2.8346,
2010-10-13,2.8416,
2010-10-14,2.835,
2010-10-15,2.8144,
2010-10-18,2.831,
2010-10-19,2.8253,
2010-10-20,3.0441,
2010-10-21,3.1404,
2010-10-22,3.1275,
2010-10-25,3.1479,
2010-10-26,3.1864,
2010-10-27,3.2207,
2010-10-28,3.2316,
2010-10-29,3.2142,
2010-11-01,3.2437,
2010-11-02,3.3089,
2010-11-03,3.4293,
2010-11-04,3.4981,
2010-11-05,3.5263,
2010-11-08,3.5438,
2010-11-09,3.5765,
2010-11-10,3.6843,
2010-11-11,3.7631,
2010-11-12,3.7642,
2010-11-15,3.7564,
2010-11-16,3.7156,
2010-11-17,3.6521,
2010-11-18,3.58,
2010-11-19,3.6292,
2010-11-22,3.6813,
2010-11-23,3.7101,
2010-11-24,3.7358,
2010-11-25,3.7723,
2010-11-26,3.7936,
2010-11-29,3.7844,
2010-11-30,3.7822,
2010-12-01,3.7138,
2010-12-02,3.7071,
2010-12-03,3.6805,
2010-12-06,3.6489,
2010-12-07,3.6193,
2010-12-08,3.6478,
2010-12-09,3.6626,
2010-12-10,3.6619,
2010-12-13,3.6172,
2010-12-14,3.6201,
2010-12-15,3.5865,
2010-12-16,3.5861,
2010-12-17,3.5749,
2010-12-20,3.5499,
2010-12-21,3.5655,
2010-12-22,3.5664,
2010-12-23,3.5726,
2010-12-24,3.584,
2010-12-27,3.6382,
2010-12-28,3.6449,
2010-12-29,3.6344,
2010-12-30,3.6035,
2010-12-31,3.6,
2011-01-04,3.5584,
2011-01-05,3.4878,
2011-01-06,3.4982,
2011-01-07,3.4694,
2011-01-10,3.4667,
2011-01-11,3.488,
2011-01-12,3.4691,
2011-01-13,3.5046,
2011-01-14,3.5348,
2011-01-17,3.5973,
2011-01-18,3.665,
2011-01-19,3.6886,
2011-01-20,3.6948,
2011-01-21,3.6952,
2011-01-24,3.687,
2011-01-25,3.6773,
2011-01-26,3.6806,
2011-01-27,3.682,
2011-01-28,3.6833,
2011-01-30,3.6707,
2011-01-31,3.6735,
2011-02-01,3.6826,
2011-02-09,3.7805,
2011-02-10,3.7854,
2011-02-11,3.7796,
2011-02-12,3.7824,
2011-02-14,3.7444,
2011-02-15,3.7313,
2011-02-16,3.6952,
2011-02-17,3.6871,
2011-02-18,3.6968,
2011-02-21,3.7612,
2011-02-22,3.7396,
2011-02-23,3.7014,
2011-02-24,3.6718,
2011-02-25,3.6997,
2011-02-28,3.6473,
2011-03-01,3.6416,
2011-03-02,3.6258,
2011-03-03,3.6226,
2011-03-04,3.6453,
2011-03-07,3.6467,
2011-03-08,3.5965,
2011-03-09,3.5756,
2011-03-10,3.6146,
2011-03-11,3.6089,
2011-03-14,3.6205,
2011-03-15,3.5738,
2011-03-16,3.5721,
2011-03-17,3.559,
2011-03-18,3.5597,
2011-03-21,3.5884,
2011-03-22,3.5928,
2011-03-23,3.5953,
2011-03-24,3.5685,
2011-03-25,3.56,
2011-03-28,3.5598,
2011-03-29,3.5606,
2011-03-30,3.5808,
2011-03-31,3.5717,
2011-04-01,3.5721,
2011-04-02,3.5646,
2011-04-06,3.5989,
2011-04-07,3.5969,
2011-04-08,3.5992,
2011-04-11,3.5757,
2011-04-12,3.5254,
2011-04-13,3.4938,
2011-04-14,3.4944,
2011-04-15,3.4953,
2011-04-18,3.5267,
2011-04-19,3.5271,
2011-04-20,3.5219,
2011-04-21,3.5214,
2011-04-22,3.5284,
2011-04-25,3.5284,
2011-04-26,3.5341,
2011-04-27,3.5351,
2011-04-28,3.5034,
2011-04-29,3.4927,
2011-05-03,3.4843,
2011-05-04,3.4855,
2011-05-05,3.492,
2011-05-06,3.4874,
2011-05-09,3.482,
2011-05-10,3.4927,
2011-05-11,3.4834,
2011-05-12,3.4809,
2011-05-13,3.5114,
2011-05-16,3.5132,
2011-05-17,3.5136,
2011-05-18,3.5107,
2011-05-19,3.51,
2011-05-20,3.5009,
2011-05-23,3.4857,
2011-05-24,3.4873,
2011-05-25,3.4523,
2011-05-26,3.4403,
2011-05-27,3.4519,
2011-05-30,3.4466,
2011-05-31,3.4738,
2011-06-01,3.4802,
2011-06-02,3.4801,
2011-06-03,3.4811,
2011-06-07,3.4919,
2011-06-08,3.5502,
2011-06-09,3.5739,
2011-06-10,3.5826,
2011-06-13,3.5834,6.6264
2011-06-14,3.6292,6.6363
2011-06-15,3.6778,6.6486
2011-06-16,3.6735,6.6624
2011-06-17,3.6834,6.6847
2011-06-20,3.6355,6.6935
2011-06-21,3.6104,6.6642
2011-06-22,3.6682,6.5181
2011-06-23,3.6692,6.5008
2011-06-24,3.6341,6.5204
2011-06-27,3.5798,6.4857
2011-06-28,3.599,6.4234
2011-06-29,3.6071,6.3311
2011-06-30,3.6091,6.3707
2011-07-01,3.5886,6.355
2011-07-04,3.5697,6.2725
2011-07-05,3.5819,6.2649
2011-07-06,3.5988,6.2836
2011-07-07,3.6079,6.3279
2011-07-08,3.6051,6.2796
2011-07-11,3.6256,6.281
2011-07-12,3.6194,6.3125
2011-07-13,3.6213,6.3829
2011-07-14,3.6396,6.3955
2011-07-15,3.6493,6.3979
2011-07-18,3.6991,6.3058
2011-07-19,3.7392,6.3014
2011-07-20,3.8156,6.4236
2011-07-21,3.8687,6.5339
2011-07-22,3.8476,6.5731
2011-07-25,3.8538,6.6785
2011-07-26,3.8719,6.9977
2011-07-27,3.8673,7.0128
2011-07-28,3.8651,6.9977
2011-07-29,3.8443,7.1084
2011-08-01,3.851,7.0083
2011-08-02,3.8572,7.0064
2011-08-03,3.9576,6.9811
2011-08-04,4.0198,6.9718
2011-08-05,3.961,6.9593
2011-08-08,3.9208,7.0296
2011-08-09,3.8879,7.089
2011-08-10,3.8907,6.9545
2011-08-11,3.833,6.9619
2011-08-12,3.8645,6.9893
2011-08-15,3.8693,6.9399
2011-08-16,3.8952,6.9354
2011-08-17,3.8805,6.9393
2011-08-18,3.8905,6.9436
2011-08-19,3.847,7.0956
2011-08-22,3.8524,7.1705
2011-08-23,3.8684,7.2651
2011-08-24,3.8681,7.0643
2011-08-25,3.8811,7.0802
2011-08-26,3.9165,7.1209
2011-08-29,4.0464,7.3159
2011-08-30,4.0962,7.3527
2011-08-31,4.0701,7.3269
2011-09-01,4.027,7.3474
2011-09-02,4.0105,7.3533
2011-09-05,3.9631,7.2959
2011-09-06,3.9293,7.3239
2011-09-07,3.9696,7.4016
2011-09-08,3.9929,7.319
2011-09-09,3.9568,7.3162
2011-09-13,3.9322,7.3652
2011-09-14,3.9471,7.4907
2011-09-15,3.9746,7.4898
2011-09-16,3.9978,7.5215
2011-09-19,4.001,7.5564
2011-09-20,3.9912,7.6025
2011-09-21,4.0074,7.5143
2011-09-22,3.9656,7.6052
2011-09-23,3.867,7.5505
2011-09-26,3.8037,7.5625
2011-09-27,3.8434,7.5608
2011-09-28,3.8329,7.5675
2011-09-29,3.798,7.5557
2011-09-30,3.7676,7.5715
2011-10-08,3.7709,7.5607
2011-10-09,3.6985,7.5515
2011-10-10,3.6247,7.5599
2011-10-11,3.6094,7.5808
2011-10-12,3.6545,7.5751
2011-10-13,3.7202,7.5485
2011-10-14,3.6779,7.5477
2011-10-17,3.7063,7.5129
2011-10-18,3.6389,7.5796
2011-10-19,3.6548,7.5149
2011-10-20,3.6359,7.5387
2011-10-21,3.6532,7.4692
2011-10-24,3.6632,7.4931
2011-10-25,3.692,7.459
2011-10-26,3.6838,7.4498
2011-10-27,3.7047,7.5117
2011-10-28,3.6831,7.5051
2011-10-31,3.6297,7.5626
2011-11-01,3.5994,7.5616
2011-11-02,3.5697,7.5263
2011-11-03,3.5619,7.538
2011-11-04,3.5471,7.5174
2011-11-07,3.5532,7.528
2011-11-08,3.5175,7.5107
2011-11-09,3.4327,7.4828
2011-11-10,3.3419,7.3881
2011-11-11,3.3536,7.3147
2011-11-14,3.3502,7.3279
2011-11-15,3.3955,7.3914
2011-11-16,3.408,7.5342
2011-11-17,3.4547,7.6311
2011-11-18,3.4204,7.6014
2011-11-21,3.45,7.5344
2011-11-22,3.462,7.5473
2011-11-23,3.3806,7.554
2011-11-24,3.3534,7.6552
2011-11-25,3.3587,7.625
2011-11-28,3.3858,7.6721
2011-11-29,3.3964,7.6882
2011-11-30,3.3508,7.7586
2011-12-01,3.1659,7.6308
2011-12-02,3.0899,7.5311
2011-12-05,3.0754,7.4749
2011-12-06,3.121,7.4985
2011-12-07,3.1551,7.5133
2011-12-08,3.1338,7.5183
2011-12-09,3.0904,7.5244
2011-12-12,3.1033,7.5604
2011-12-13,3.1467,7.5322
2011-12-14,3.1478,7.5869
2011-12-15,3.1508,7.6912
2011-12-16,3.125,7.5766
2011-12-19,3.1367,7.5915
2011-12-20,3.1278,7.5837
2011-12-21,3.1242,7.6019
2011-12-22,3.1242,7.6404
2011-12-23,3.1305,7.6411
2011-12-26,3.1311,7.6444
2011-12-27,3.1276,7.6945
2011-12-28,3.1289,7.6966
2011-12-29,3.1155,7.6831
2011-12-30,3.0773,7.652
2011-12-31,3.0781,7.6536
2012-01-04,3.087,7.6925
2012-01-05,3.1169,7.6689
2012-01-06,3.0617,7.626
2012-01-09,3.0587,7.6199
2012-01-10,3.0634,7.5662
2012-01-11,3.0637,7.6399
2012-01-12,3.0723,7.6398
2012-01-13,3.072,7.6675
2012-01-16,3.0927,7.6361
2012-01-17,3.0899,7.6333
2012-01-18,3.1007,7.6335
2012-01-19,3.0688,7.6218
2012-01-20,3.0647,7.6121
2012-01-21,3.0679,7.6468
2012-01-29,3.0647,7.6118
2012-01-30,3.0926,7.6169
2012-01-31,3.0857,7.5919
2012-02-01,3.1526,7.6209
2012-02-02,3.146,7.6297
2012-02-03,3.1502,7.6478
2012-02-06,3.1808,7.6107
2012-02-07,3.1762,7.6347
2012-02-08,3.2054,7.6676
2012-02-09,3.2085,7.6967
2012-02-10,3.1952,7.7825
2012-02-13,3.1634,7.7279
2012-02-14,3.1733,7.6982
2012-02-15,3.1959,7.7284
2012-02-16,3.2059,7.7267
2012-02-17,3.2341,7.7944
2012-02-20,3.184,7.8584
2012-02-21,3.1808,7.8597
2012-02-22,3.2104,7.8551
2012-02-23,3.2108,7.85
2012-02-24,3.2189,7.8538
2012-02-27,3.2452,7.8181
2012-02-28,3.2661,7.8301
2012-02-29,3.2408,7.8515
2012-03-01,3.2401,7.8563
2012-03-02,3.2622,7.8685
2012-03-05,3.2681,7.8977
2012-03-06,3.2525,7.8286
2012-03-07,3.2268,7.8296
2012-03-08,3.2258,7.7601
2012-03-09,3.2084,7.7806
2012-03-12,3.186,7.7953
2012-03-13,3.195,7.7868
2012-03-14,3.2133,7.687
2012-03-15,3.2284,7.7058
2012-03-16,3.227,7.7065
2012-03-19,3.2209,7.7141
2012-03-20,3.2443,7.7601
2012-03-21,3.2564,7.687
2012-03-22,3.2248,7.6207
2012-03-23,3.1974,7.5841
2012-03-26,3.2065,7.5491
2012-03-27,3.2075,7.533
2012-03-28,3.1898,7.5471
2012-03-29,3.1816,7.5055
2012-03-30,3.1613,7.5014
2012-03-31,3.1588,7.5027
2012-04-01,3.1797,7.5004
2012-04-05,3.174,7.5137
2012-04-06,3.1789,7.5075
2012-04-09,3.1795,7.5036
2012-04-10,3.1689,7.4981
2012-04-11,3.1616,7.5746
2012-04-12,3.1823,7.5724
2012-04-13,3.19,7.568
2012-04-16,3.192,7.5826
2012-04-17,3.1926,7.5813
2012-04-18,3.2005,7.5677
2012-04-19,3.2141,7.5428
2012-04-20,3.2007,7.5539
2012-04-23,3.2053,7.4402
2012-04-24,3.2009,7.3641
2012-04-25,3.197,7.368
2012-04-26,3.1931,7.3661
2012-04-27,3.1923,7.2787
2012-04-28,3.1857,7.2501
2012-05-02,3.1973,7.2496
2012-05-03,3.1988,7.2001
2012-05-04,3.2029,7.1937
2012-05-07,3.2014,7.1494
2012-05-08,3.1972,7.0893
2012-05-09,3.198,7.0804
2012-05-10,3.163,7.0222
2012-05-11,3.1293,6.9507
2012-05-14,3.0667,6.9338
2012-05-15,2.8719,6.7828
2012-05-16,2.8421,6.7518
2012-05-17,2.9292,6.7395
2012-05-18,2.8539,6.7317
2012-05-21,2.8717,6.7325
2012-05-22,2.8803,6.7197
2012-05-23,2.8756,6.7062
2012-05-24,2.7675,6.6886
2012-05-25,2.6749,6.6367
2012-05-28,2.7195,6.5441
2012-05-29,2.7678,6.563
2012-05-30,2.8157,6.5595
2012-05-31,2.8363,6.5608
2012-06-01,2.8638,6.56
2012-06-04,2.872,6.5545
2012-06-05,2.91,6.5403
2012-06-06,2.9509,6.5401
2012-06-07,2.948,6.5409
2012-06-08,2.8878,6.4667
2012-06-11,2.9719,6.4769
2012-06-12,2.9739,6.4388
2012-06-13,3.0271,6.478
2012-06-14,3.0448,6.474
2012-06-15,3.0383,6.4728
2012-06-18,3.1204,6.4694
2012-06-19,3.1136,6.5194
2012-06-20,3.1114,6.5812
2012-06-21,3.0837,6.623
2012-06-25,3.0467,6.6152
2012-06-26,3.0126,6.5731
2012-06-27,2.9672,6.6128
2012-06-28,2.945,6.5511
2012-06-29,2.963,6.5369
2012-07-02,2.9894,6.5405
2012-07-03,2.9652,6.5437
2012-07-04,2.9692,6.5463
2012-07-05,2.9516,6.5636
2012-07-06,2.8966,6.5489
2012-07-09,2.8717,6.5494
2012-07-10,2.8502,6.5464
2012-07-11,2.8277,6.5699
2012-07-12,2.8083,6.573
2012-07-13,2.8128,6.5694
2012-07-16,2.8315,6.5737
2012-07-17,2.8546,6.5733
2012-07-18,2.8622,6.5728
2012-07-19,2.8579,6.5743
2012-07-20,2.8488,6.573
2012-07-23,2.8567,6.5696
2012-07-24,2.855,6.571
2012-07-25,2.8556,6.5712
2012-07-26,2.8531,6.571
2012-07-27,2.8744,6.5721
2012-07-30,2.885,6.573
2012-07-31,2.904,6.5682
2012-08-01,2.9078,6.5723
2012-08-02,2.8969,6.5672
2012-08-03,2.905,6.5681
2012-08-06,2.9348,6.5639
2012-08-07,2.9586,6.5595
2012-08-08,3.0025,6.5631
2012-08-09,2.9938,6.5622
2012-08-10,2.9921,6.557
2012-08-13,3.0222,6.5563
2012-08-14,3.0476,6.5567
2012-08-15,3.0924,6.558
2012-08-16,3.1024,6.5586
2012-08-17,3.1181,6.5601
2012-08-20,3.125,6.5583
2012-08-21,3.1401,6.56
2012-08-22,3.2194,6.5553
2012-08-23,3.1635,6.555
2012-08-24,3.0985,6.5583
2012-08-27,3.1086,6.9153
2012-08-28,3.1184,6.8478
2012-08-29,3.1173,6.8223
2012-08-30,3.1338,6.7936
2012-08-31,3.144,6.835
2012-09-03,3.1331,6.7939
2012-09-04,3.1108,6.7493
2012-09-05,3.1134,6.751
2012-09-06,3.1126,6.7754
2012-09-07,3.1635,6.7507
2012-09-10,3.2228,6.6982
2012-09-11,3.2436,6.6371
2012-09-12,3.3052,6.5805
2012-09-13,3.3086,6.6027
2012-09-14,3.3477,6.7112
2012-09-17,3.3942,6.646
2012-09-18,3.337,6.6292
2012-09-19,3.3481,6.5977
2012-09-20,3.3213,6.6339
2012-09-21,3.3206,6.6569
2012-09-24,3.3294,6.6563
2012-09-25,3.2832,6.6753
2012-09-26,3.2133,6.6882
2012-09-27,3.185,6.7541
2012-09-28,3.2091,6.7675
2012-09-29,3.2081,6.8087
2012-10-08,3.2414,6.8244
2012-10-09,3.2432,6.8362
2012-10-10,3.2548,6.8349
2012-10-11,3.2456,6.8376
2012-10-12,3.2219,6.8011
2012-10-15,3.2077,6.7798
2012-10-16,3.2264,6.7745
2012-10-17,3.2368,6.8418
2012-10-18,3.2371,6.8395
2012-10-19,3.2524,6.8352
2012-10-22,3.2496,6.8467
2012-10-23,3.2512,6.8399
2012-10-24,3.2632,6.8312
2012-10-25,3.2665,6.8842
2012-10-26,3.2762,6.8847
2012-10-29,3.2597,6.858
2012-10-30,3.2476,6.9005
2012-10-31,3.2528,6.8204
2012-11-01,3.2729,6.9008
2012-11-02,3.2524,6.8989
2012-11-05,3.2408,6.903
2012-11-06,3.2347,6.893
2012-11-07,3.2343,6.885
2012-11-08,3.2298,6.8643
2012-11-09,3.219,6.8639
2012-11-12,3.2261,6.908
2012-11-13,3.2112,6.8996
2012-11-14,3.2059,6.8964
2012-11-15,3.2034,6.8942
2012-11-16,3.1837,6.8893
2012-11-19,3.1609,6.8683
2012-11-20,3.1639,6.8494
2012-11-21,3.1818,6.8284
2012-11-22,3.2173,6.8012
2012-11-23,3.2188,6.7576
2012-11-26,3.2234,6.8114
2012-11-27,3.2443,6.8482
2012-11-28,3.2731,6.8139
2012-11-29,3.2899,6.8377
2012-11-30,3.3064,6.8286
2012-12-03,3.3071,6.818
2012-12-04,3.3222,6.7885
2012-12-05,3.3337,6.811
2012-12-06,3.3322,6.7995
2012-12-07,3.3433,6.7866
2012-12-10,3.35,6.7704
2012-12-11,3.3424,6.7793
2012-12-12,3.334,6.7656
2012-12-13,3.3283,6.7525
2012-12-14,3.3318,6.7738
2012-12-17,3.3418,6.8035
2012-12-18,3.3295,6.7809
2012-12-19,3.3311,6.7913
2012-12-20,3.3385,6.7907
2012-12-21,3.3364,6.7963
2012-12-24,3.3392,6.8091
2012-12-25,3.3438,6.8327
2012-12-26,3.3217,6.8367
2012-12-27,3.2901,6.811
2012-12-28,3.2724,6.7794
2012-12-31,3.2608,6.7492
2013-01-04,3.3125,6.7617
2013-01-05,3.2952,6.776
2013-01-06,3.2801,6.7669
2013-01-07,3.2807,6.7557
2013-01-08,3.2579,6.735
2013-01-09,3.2538,6.7165
2013-01-10,3.2794,6.6957
2013-01-11,3.3011,6.6709
2013-01-14,3.2957,6.6567
2013-01-15,3.2885,6.6479
2013-01-16,3.2891,6.6583
2013-01-17,3.2738,6.6382
2013-01-18,3.2511,6.6162
2013-01-21,3.243,6.5701
2013-01-22,3.2462,6.5578
2013-01-23,3.2672,6.588
2013-01-24,3.2802,6.5758
2013-01-25,3.2713,6.6109
2013-01-28,3.2937,6.6075
2013-01-29,3.3029,6.6217
2013-01-30,3.3091,6.637
2013-01-31,3.3054,6.647
2013-02-01,3.3034,6.6281
2013-02-04,3.3091,6.6296
2013-02-05,3.3138,6.6305
2013-02-06,3.3146,6.6298
2013-02-07,3.3073,6.6224
2013-02-08,3.3075,6.6038
2013-02-16,3.3091,6.5797
2013-02-17,3.3104,6.5713
2013-02-18,3.3114,6.5655
2013-02-19,3.3206,6.5546
2013-02-20,3.3074,6.5312
2013-02-21,3.3224,6.5364
2013-02-22,3.3232,6.5163
2013-02-25,3.3388,6.5302
2013-02-26,3.3434,6.5452
2013-02-27,3.3345,6.5386
2013-02-28,3.3392,6.5719
2013-03-01,3.3467,6.6204
2013-03-04,3.2834,6.6255
2013-03-05,3.2852,6.6298
2013-03-06,3.2693,6.6302
2013-03-07,3.2899,6.5647
2013-03-08,3.2922,6.5679
2013-03-11,3.3113,6.5062
2013-03-12,3.3015,6.5205
2013-03-13,3.2923,6.5281
2013-03-14,3.297,6.529
2013-03-15,3.3132,6.553
2013-03-18,3.3125,6.5752
2013-03-19,3.3096,6.5714
2013-03-20,3.3075,6.5593
2013-03-21,3.3197,6.5482
2013-03-22,3.3207,6.5513
2013-03-25,3.3176,6.5692
2013-03-26,3.3177,6.5943
2013-03-27,3.3177,6.607
2013-03-28,3.3153,6.5949
2013-03-29,3.3125,6.5849
2013-04-01,3.289,6.566
2013-04-02,3.2581,6.5574
2013-04-03,3.245,6.4604
2013-04-07,3.2284,6.4452
2013-04-08,3.2535,6.4351
2013-04-09,3.2406,6.3468
2013-04-10,3.2205,6.4344
2013-04-11,3.2308,6.4126
2013-04-12,3.2217,6.4107
2013-04-15,3.2089,6.3881
2013-04-16,3.171,6.3611
2013-04-17,3.2029,6.3296
2013-04-18,3.2206,6.2446
2013-04-19,3.2337,6.2554
2013-04-22,3.2471,6.2638
2013-04-23,3.2116,6.2738
2013-04-24,3.2095,6.3165
2013-04-25,3.2071,6.3119
2013-04-26,3.16,6.311
2013-04-27,3.1506,6.2538
2013-04-28,3.1429,6.2532
2013-05-02,3.158,6.2405
2013-05-03,3.1446,6.21
2013-05-06,3.1563,6.207
2013-05-07,3.1034,6.1674
2013-05-08,3.1362,6.1909
2013-05-09,3.1308,6.1914
2013-05-10,3.1065,6.176
2013-05-13,3.1037,6.1487
2013-05-14,3.1073,6.137
2013-05-15,3.1453,6.1126
2013-05-16,3.1513,6.1037
2013-05-17,3.1512,6.1049
2013-05-20,3.1502,6.1147
2013-05-21,3.1499,6.1239
2013-05-22,3.1511,6.112
2013-05-23,3.1345,6.1123
2013-05-24,3.1349,6.1076
2013-05-27,3.1223,6.1242
2013-05-28,3.1027,6.1454
2013-05-29,3.1514,6.1348
2013-05-30,3.1539,6.1281
2013-05-31,3.1642,6.116
2013-06-03,3.1773,6.1155
2013-06-04,3.1834,6.1282
2013-06-05,3.1968,6.1453
2013-06-06,3.217,6.1563
2013-06-07,3.2345,6.1753
2013-06-08,3.2406,6.1727
2013-06-09,3.2273,6.1868
2013-06-13,3.2643,6.1827
2013-06-14,3.281,6.2203
2013-06-17,3.287,6.2715
2013-06-18,3.306,6.2981
2013-06-19,3.3844,6.3505
2013-06-20,3.6237,6.8573
2013-06-21,3.5801,6.4701
2013-06-24,3.5382,6.4415
2013-06-25,3.5113,6.5864
2013-06-26,3.3605,6.5839
2013-06-27,3.3257,6.4756
2013-06-28,3.2936,6.4503
2013-07-01,3.2934,6.427
2013-07-02,3.297,6.3965
2013-07-03,3.2797,6.3089
2013-07-04,3.2677,6.2578
2013-07-05,3.2684,6.2631
2013-07-08,3.2989,6.2633
2013-07-09,3.3331,6.2744
2013-07-10,3.3538,6.3013
2013-07-11,3.3833,6.3128
2013-07-12,3.4143,6.3617
2013-07-15,3.4279,6.3714
2013-07-16,3.4436,6.3997
2013-07-17,3.4711,6.3999
2013-07-18,3.4835,6.3937
2013-07-19,3.5033,6.4205
2013-07-22,3.5514,6.4741
2013-07-23,3.599,6.5464
2013-07-24,3.7115,6.6464
2013-07-25,3.7049,6.6739
2013-07-26,3.6748,6.6634
2013-07-29,3.6782,6.6158
2013-07-30,3.6781,6.6277
2013-07-31,3.6629,6.6139
2013-08-01,3.6201,6.5396
2013-08-02,3.6268,6.5239
2013-08-05,3.6352,6.5045
2013-08-06,3.6395,6.5048
2013-08-07,3.6942,6.5232
2013-08-08,3.7421,6.5668
2013-08-09,3.7553,6.6076
2013-08-12,3.787,6.6356
2013-08-13,3.852,6.6914
2013-08-14,3.897,6.7218
2013-08-15,3.8999,6.815
2013-08-16,3.8794,6.8201
2013-08-19,3.9013,6.8585
2013-08-20,3.9966,6.8636
2013-08-21,3.9495,6.8643
2013-08-22,3.9389,6.8032
2013-08-23,3.8769,6.7997
2013-08-26,3.8536,6.746
2013-08-27,3.8572,6.7555
2013-08-28,3.9033,6.7597
2013-08-29,3.9154,6.7673
2013-08-30,3.9264,6.7708
2013-09-02,3.9265,6.7865
2013-09-03,3.9284,6.7645
2013-09-04,3.9824,6.7582
2013-09-05,3.9625,6.787
2013-09-06,3.962,6.7981
2013-09-09,3.9677,6.839
2013-09-10,4.0051,6.8974
2013-09-11,4.0322,6.903
2013-09-12,4.0299,6.9876
2013-09-13,4.0261,6.9994
2013-09-16,4.0235,7.009
2013-09-17,3.9948,7.0379
2013-09-18,3.9988,7.0441
2013-09-22,3.928,7.0405
2013-09-23,3.944,7.0541
2013-09-24,3.9288,7.011
2013-09-25,3.913,7.0195
2013-09-26,3.8649,7.0652
2013-09-27,3.8899,7.0086
2013-09-29,3.8935,7.0122
2013-09-30,3.8842,7.0063
2013-10-08,3.8902,7.0176
2013-10-09,3.8922,7.0162
2013-10-10,3.8944,7.0214
2013-10-11,3.895,7.004
2013-10-12,3.8891,6.9828
2013-10-14,3.9194,6.9822
2013-10-15,3.9131,7.0086
2013-10-16,3.9401,7.0265
2013-10-17,3.9464,7.0295
2013-10-18,3.956,7.0147
2013-10-21,3.9734,7.04
2013-10-22,3.9742,7.0699
2013-10-23,3.9686,7.0589
2013-10-24,4.0003,7.1148
2013-10-25,4.0279,7.1356
2013-10-28,4.0775,7.2357
2013-10-29,4.1098,7.2398
2013-10-30,4.1233,7.2683
2013-10-31,4.0707,7.3212
2013-11-01,4.0599,7.3445
2013-11-04,4.0659,7.3533
2013-11-05,4.0846,7.2426
2013-11-06,4.1779,7.2538
2013-11-07,4.2048,7.2864
2013-11-08,4.2489,7.2927
2013-11-11,4.3824,7.3898
2013-11-12,4.3472,7.4461
2013-11-13,4.4024,7.466
2013-11-14,4.4056,7.5575
2013-11-15,4.4748,7.5759
2013-11-18,4.5059,7.6895
2013-11-19,4.5175,7.7174
2013-11-20,4.5177,7.818
2013-11-21,4.5018,7.8698
2013-11-22,4.4618,7.849
2013-11-25,4.4662,7.8388
2013-11-26,4.4601,7.8358
2013-11-27,4.377,7.8577
2013-11-28,4.3377,7.8568
2013-11-29,4.2653,7.8782
2013-12-02,4.3553,7.831
2013-12-03,4.3572,7.8254
2013-12-04,4.3491,7.9307
2013-12-05,4.3774,7.9214
2013-12-06,4.39,7.9024
2013-12-09,4.4481,7.907
2013-12-10,4.5235,7.9068
2013-12-11,4.4878,7.9195
2013-12-12,4.4357,7.925
2013-12-13,4.3953,7.9403
2013-12-16,4.443,7.9124
2013-12-17,4.4424,7.9132
2013-12-18,4.4572,7.9302
2013-12-19,4.4762,7.9241
2013-12-20,4.4869,7.9551
2013-12-23,4.4878,7.9463
2013-12-24,4.461,7.9854
2013-12-25,4.4618,8.0394
2013-12-26,4.4477,8.0393
2013-12-27,4.4538,8.0811
2013-12-30,4.4444,8.1047
2013-12-31,4.4635,8.1039
2014-01-02,4.5152,8.1048
2014-01-03,4.5262,8.0336
2014-01-06,4.5397,8.0172
2014-01-07,4.5248,8.0261
2014-01-08,4.4802,8.0475
2014-01-09,4.4594,8.0297
2014-01-10,4.4489,8.0286
2014-01-13,4.447,8.0066
2014-01-14,4.4239,7.9754
2014-01-15,4.373,7.93
2014-01-16,4.3801,7.9182
2014-01-17,4.3833,7.9174
2014-01-20,4.3924,7.917
2014-01-21,4.3632,7.9558
2014-01-22,4.3025,7.9393
2014-01-23,4.3412,7.9252
2014-01-24,4.3319,7.8842
2014-01-26,4.2969,7.855
2014-01-27,4.2486,7.8554
2014-01-28,4.2337,7.8562
2014-01-29,4.2457,7.857
2014-01-30,4.2364,7.8478
2014-02-07,4.2085,7.837
2014-02-08,4.2078,7.8155
2014-02-10,4.2326,7.7878
2014-02-11,4.2304,7.7494
2014-02-12,4.2122,7.7327
2014-02-13,4.2095,7.7036
2014-02-14,4.2175,7.6774
2014-02-17,4.2371,7.6529
2014-02-18,4.2738,7.6439
2014-02-19,4.2762,7.6585
2014-02-20,4.2587,7.59
2014-02-21,4.2222,7.5651
2014-02-24,4.1832,7.5399
2014-02-25,4.1318,7.4892
2014-02-26,4.175,7.3276
2014-02-27,4.0891,7.2923
2014-02-28,4.1196,7.2821
2014-03-03,4.1554,7.2748
2014-03-04,4.2273,7.3038
2014-03-05,4.2402,7.307
2014-03-06,4.2358,7.307
2014-03-07,4.213,7.3054
2014-03-10,4.2041,7.7331
2014-03-11,4.1978,7.7296
2014-03-12,4.1823,7.8541
2014-03-13,4.1824,7.8549
2014-03-14,4.1507,7.8511
2014-03-17,4.1335,7.8555
2014-03-18,4.1758,7.8506
2014-03-19,4.1944,7.8552
2014-03-20,4.1906,7.8636
2014-03-21,4.1627,7.8783
2014-03-24,4.1771,7.854
2014-03-25,4.1794,7.8479
2014-03-26,4.1778,7.8766
2014-03-27,4.1802,7.9072
2014-03-28,4.21,7.9634
2014-03-31,4.1907,7.9297
2014-04-01,4.192,7.9129
2014-04-02,4.1949,8.1273
2014-04-03,4.2261,8.1184
2014-04-04,4.2379,8.1963
2014-04-08,4.2162,8.2328
2014-04-09,4.219,8.2031
2014-04-10,4.2128,8.2309
2014-04-11,4.1854,8.2145
2014-04-14,4.1761,8.1809
2014-04-15,4.1783,8.1671
2014-04-16,4.1613,8.1164
2014-04-17,4.079,8.0233
2014-04-18,4.0995,8.0256
2014-04-21,4.0995,8.04
2014-04-22,4.0808,8.2068
2014-04-23,4.0735,8.4095
2014-04-24,4.0392,8.8467
2014-04-25,4.0291,9.1508
2014-04-28,4.0137,8.0746
2014-04-29,4.012,8.0194
2014-04-30,4.0448,8.0042
2014-05-04,4.0952,7.9851
2014-05-05,4.1109,7.9872
2014-05-06,4.0899,7.9971
2014-05-07,4.0791,7.9855
2014-05-08,4.043,7.9754
2014-05-09,4.0036,7.9588
2014-05-12,4.0019,7.9185
2014-05-13,4.011,7.922
2014-05-14,4.0569,7.9234
2014-05-15,4.0452,7.9019
2014-05-16,4.0557,7.887
2014-05-19,4.0626,7.8681
2014-05-20,4.0564,7.8121
2014-05-21,4.0561,7.806
2014-05-22,4.0334,7.768
2014-05-23,4.0223,7.7298
2014-05-26,4.0119,7.7463
2014-05-27,4.0143,7.7648
2014-05-28,3.9731,7.7848
2014-05-29,3.9564,7.8065
2014-05-30,3.945,7.8301
2014-06-03,3.8736,7.8525
2014-06-04,3.8668,7.8523
2014-06-05,3.8782,7.8521
2014-06-06,3.8999,7.8538
2014-06-09,3.9015,7.8548
2014-06-10,3.8589,7.8367
2014-06-11,3.841,7.8374
2014-06-12,3.8484,7.8739
2014-06-13,3.8798,7.8892
2014-06-16,3.856,7.8811
2014-06-17,3.8472,7.9468
2014-06-18,3.8564,7.9559
2014-06-19,3.8602,7.9973
2014-06-20,3.847,8.0173
2014-06-23,3.8635,7.9962
2014-06-24,3.8415,7.9977
2014-06-25,3.8364,8.044
2014-06-26,3.8474,8.0223
2014-06-27,3.8478,8.0122
2014-06-30,3.8536,8.0041
2014-07-01,3.8613,8.03
2014-07-02,3.9116,8.0519
2014-07-03,3.9417,8.0588
2014-07-04,3.9643,8.0458
2014-07-07,3.9523,8.0414
2014-07-08,3.9673,7.9969
2014-07-09,3.9593,8.0192
2014-07-10,3.964,8.0551
2014-07-11,3.9693,8.0116
2014-07-14,3.9733,7.9909
2014-07-15,3.9892,7.9912
2014-07-16,4.0245,7.9843
2014-07-17,4.0765,8.0172
2014-07-18,4.0843,8.0543
2014-07-21,4.065,8.1157
2014-07-22,4.0653,8.0964
2014-07-23,4.0386,8.0797
2014-07-24,4.0447,8.0782
2014-07-25,4.0302,8.0551
2014-07-28,4.0251,8.0543
2014-07-29,4.0333,8.0322
2014-07-30,4.0369,8.0365
2014-07-31,4.0086,8.0385
2014-08-01,4.0026,8.0186
2014-08-04,3.9927,8.0275
2014-08-05,3.982,8.0507
2014-08-06,3.9887,8.0441
2014-08-07,3.9831,8.0459
2014-08-08,3.9884,8.0349
2014-08-11,3.9873,8.0028
2014-08-12,3.9769,8.0201
2014-08-13,3.9696,7.9905
2014-08-14,3.9411,7.9616
2014-08-15,3.9677,7.9078
2014-08-18,3.9499,7.9931
2014-08-19,3.9998,8.0166
2014-08-20,4.0192,8.0055
2014-08-21,4.0119,8.0288
2014-08-22,4.0112,8.04
2014-08-25,4.0217,8.0407
2014-08-26,4.0216,8.0183
2014-08-27,4.0046,8.0268
2014-08-28,3.982,8.0148
2014-08-29,3.974,7.9854
2014-09-01,3.9757,7.9876
2014-09-02,3.9763,8.0067
2014-09-03,3.9933,8.0076
2014-09-04,3.986,7.9941
2014-09-05,3.9866,7.9961
2014-09-09,3.9864,7.9998
2014-09-10,4.0353,8.0019
2014-09-11,4.0447,8.0139
2014-09-12,4.0303,7.9967
2014-09-15,4.0052,8.0012
2014-09-16,4.0213,8.0173
2014-09-17,3.9961,7.9924
2014-09-18,3.9596,7.9671
2014-09-19,3.9105,7.957
2014-09-22,3.9244,7.9137
2014-09-23,3.9053,7.9528
2014-09-24,3.9418,7.953
2014-09-25,3.9282,7.9407
2014-09-26,3.9284,7.9509
2014-09-28,3.9397,7.9393
2014-09-29,3.9272,7.9535
2014-09-30,3.9168,7.9503
2014-10-08,3.9163,7.9369
2014-10-09,3.9215,7.9338
2014-10-10,3.9218,7.9331
2014-10-11,3.8955,7.9494
2014-10-13,3.8885,7.9486
2014-10-14,3.7726,7.9409
2014-10-15,3.7196,7.9214
2014-10-16,3.6952,7.8958
2014-10-17,3.6154,7.8682
2014-10-20,3.5918,7.8493
2014-10-21,3.5553,7.745
2014-10-22,3.556,7.7112
2014-10-23,3.5691,7.7139
2014-10-24,3.5809,7.6136
2014-10-27,3.5915,7.6073
2014-10-28,3.5562,7.609
2014-10-29,3.5564,7.6207
2014-10-30,3.5642,7.5616
2014-10-31,3.5654,7.5863
2014-11-03,3.5191,7.5357
2014-11-04,3.5002,7.4827
2014-11-05,3.4654,7.42
2014-11-06,3.4755,7.3824
2014-11-07,3.4099,7.3895
2014-11-10,3.3588,7.3326
2014-11-11,3.3279,7.2049
2014-11-12,3.3819,7.2094
2014-11-13,3.4331,7.1839
2014-11-14,3.4755,7.1849
2014-11-17,3.5049,7.2258
2014-11-18,3.4741,7.2432
2014-11-19,3.4385,7.2339
2014-11-20,3.492,7.2509
2014-11-21,3.5234,7.3086
2014-11-24,3.3796,7.3267
2014-11-25,3.3889,7.1505
2014-11-26,3.4104,7.1458
2014-11-27,3.4244,7.194
2014-11-28,3.4132,7.2074
2014-12-01,3.4047,7.2309
2014-12-02,3.4785,7.1832
2014-12-03,3.5524,7.2276
2014-12-04,3.5885,7.3378
2014-12-05,3.6725,7.4273
2014-12-08,3.7288,7.497
2014-12-09,3.7231,7.6121
2014-12-10,3.6216,7.791
2014-12-11,3.6868,7.8294
2014-12-12,3.6825,7.7748
2014-12-15,3.6964,7.7727
2014-12-16,3.6706,7.7912
2014-12-17,3.6213,7.8227
2014-12-18,3.619,7.8248
2014-12-19,3.5936,7.8316
2014-12-22,3.5989,7.8015
2014-12-23,3.5841,7.7787
2014-12-24,3.5086,7.7673
2014-12-25,3.5356,7.6627
2014-12-26,3.5437,7.6073
2014-12-29,3.5416,7.5837
2014-12-30,3.5331,7.5566
2014-12-31,3.5229,7.5608
2015-01-04,3.5324,7.5534
2015-01-05,3.5325,7.5183
2015-01-06,3.5354,7.5023
2015-01-07,3.5123,7.453
2015-01-08,3.5338,7.4258
2015-01-09,3.5344,7.4181
2015-01-12,3.5359,7.4095
2015-01-13,3.4669,7.3785
2015-01-14,3.4496,7.3339
2015-01-15,3.471,7.2414
2015-01-16,3.4115,7.1881
2015-01-19,3.4118,7.1252
2015-01-20,3.4097,7.1284
2015-01-21,3.3919,7.1104
2015-01-22,3.3746,7.1016
2015-01-23,3.3605,7.1036
2015-01-26,3.3371,7.0822
2015-01-27,3.3316,7.1041
2015-01-28,3.393,7.103
2015-01-29,3.422,7.1259
2015-01-30,3.4239,7.0832
2015-02-02,3.3863,7.1284
2015-02-03,3.3894,7.134
2015-02-04,3.381,7.138
2015-02-05,3.3516,7.1002
2015-02-06,3.3621,7.1439
2015-02-09,3.3384,7.1742
2015-02-10,3.338,7.1084
2015-02-11,3.2941,7.0818
2015-02-12,3.2585,7.0518
2015-02-13,3.2238,6.9935
2015-02-15,3.2194,6.9004
2015-02-16,3.2038,6.9234
2015-02-17,3.2034,6.9147
2015-02-25,3.1881,6.8344
2015-02-26,3.2003,6.8705
2015-02-27,3.219,6.8949
2015-02-28,3.2219,6.9169
2015-03-02,3.239,6.9419
2015-03-03,3.2618,6.9832
2015-03-04,3.2468,6.9777
2015-03-05,3.295,6.9958
2015-03-06,3.3065,7.0442
2015-03-09,3.339,7.1512
2015-03-10,3.3322,7.0588
2015-03-11,3.3034,7.0561
2015-03-12,3.2886,7.0539
2015-03-13,3.3377,7.1016
2015-03-16,3.3473,7.0634
2015-03-17,3.327,7.0637
2015-03-18,3.348,7.0414
2015-03-19,3.3434,7.0693
2015-03-20,3.3,7.0677
2015-03-23,3.3077,7.038
2015-03-24,3.3137,7.0785
2015-03-25,3.3317,7.1246
2015-03-26,3.3893,7.135
2015-03-27,3.4386,7.1883
2015-03-30,3.4643,7.2653
2015-03-31,3.4729,7.3031
2015-04-01,3.4629,7.3413
2015-04-02,3.4211,7.3519
2015-04-03,3.4105,7.3133
2015-04-07,3.4667,7.2506
2015-04-08,3.4867,7.2285
2015-04-09,3.4803,7.2535
2015-04-10,3.4834,7.2777
2015-04-13,3.4797,7.2409
2015-04-14,3.4917,7.1927
2015-04-15,3.4318,7.1304
2015-04-16,3.4353,7.0781
2015-04-17,3.4085,7.113
2015-04-20,3.3265,7.0586
2015-04-21,3.2963,6.9317
2015-04-22,3.2987,6.8551
2015-04-23,3.301,6.8509
2015-04-24,3.3154,6.9376
2015-04-27,3.2831,6.9257
2015-04-28,3.2711,6.9244
2015-04-29,3.2669,6.9581
2015-04-30,3.2637,6.927
2015-05-04,3.277,6.9283
2015-05-05,3.2707,6.8748
2015-05-06,3.2909,6.8241
2015-05-07,3.2964,6.8962
2015-05-08,3.2617,6.8652
2015-05-11,3.2305,6.7877
2015-05-12,3.1818,6.7692
2015-05-13,3.0755,6.6796
2015-05-14,2.999,6.6572
2015-05-15,3.0701,6.6307
2015-05-18,3.1007,6.6061
2015-05-19,3.1163,6.5748
2015-05-20,3.1386,6.6528
2015-05-21,3.134,6.6765
2015-05-22,3.1763,6.7243
2015-05-25,3.1956,6.7608
2015-05-26,3.2262,6.7909
2015-05-27,3.1858,6.767
2015-05-28,3.3523,6.7748
2015-05-29,3.5475,6.7295
2015-06-01,3.3786,6.8712
2015-06-02,3.3135,6.9179
2015-06-03,3.2969,6.8937
2015-06-04,3.2836,6.8542
2015-06-05,3.2741,6.831
2015-06-08,3.279,6.842
2015-06-09,3.2794,6.8556
2015-06-10,3.2872,6.9009
2015-06-11,3.3081,6.8965
2015-06-12,3.2855,6.9179
2015-06-15,3.3184,6.9275
2015-06-16,3.31,6.9577
2015-06-17,3.3068,6.9554
2015-06-18,3.2334,6.9426
2015-06-19,3.2144,6.949
2015-06-23,3.2225,6.9321
2015-06-24,3.2438,6.9551
2015-06-25,3.244,6.978
2015-06-26,3.2444,6.9579
2015-06-29,3.2596,6.9258
2015-06-30,3.238,6.968
2015-07-01,3.1951,6.978
2015-07-02,3.2106,6.9771
2015-07-03,3.1853,6.9611
2015-07-06,3.1388,6.9374
2015-07-07,3.1581,6.8956
2015-07-08,3.1463,6.8015
2015-07-09,3.1274,6.7019
2015-07-10,3.1437,6.7565
2015-07-13,3.1656,6.7814
2015-07-14,3.1931,6.8343
2015-07-15,3.1936,6.8
2015-07-16,3.1781,6.8198
2015-07-17,3.1773,6.8138
2015-07-20,3.1782,6.8208
2015-07-21,3.2001,6.8318
2015-07-22,3.1802,6.8049
2015-07-23,3.1892,6.7794
2015-07-24,3.1804,6.745
2015-07-27,3.1831,6.6832
2015-07-28,3.1721,6.714
2015-07-29,3.1798,6.6891
2015-07-30,3.1845,6.7361
2015-07-31,3.2034,6.7379
2015-08-03,3.2287,6.7351
2015-08-04,3.2219,6.7463
2015-08-05,3.2276,6.7644
2015-08-06,3.1872,6.7653
2015-08-07,3.1859,6.7319
2015-08-10,3.2036,6.7214
2015-08-11,3.276,6.7098
2015-08-12,3.2904,6.7593
2015-08-13,3.2905,6.7469
2015-08-14,3.2817,6.7414
2015-08-17,3.2778,6.7875
2015-08-18,3.2888,6.7818
2015-08-19,3.2976,6.7838
2015-08-20,3.2997,6.7992
2015-08-21,3.2723,6.7765
2015-08-24,3.2644,6.754
2015-08-25,3.224,6.7235
2015-08-26,3.2146,6.7318
2015-08-27,3.1895,6.7763
2015-08-28,3.1837,6.7607
2015-08-31,3.1529,6.8032
2015-09-01,3.1349,6.7442
2015-09-02,3.1609,6.7074
2015-09-06,3.1646,6.6751
2015-09-07,3.2127,6.6962
2015-09-08,3.1951,6.6717
2015-09-09,3.2031,6.6731
2015-09-10,3.2091,6.6936
2015-09-11,3.2117,6.7243
2015-09-14,3.19,6.746
2015-09-15,3.1733,6.7652
2015-09-16,3.1574,6.7597
2015-09-17,3.1839,6.7403
2015-09-18,3.1629,6.745
2015-09-21,3.1572,6.722
2015-09-22,3.1972,6.6773
2015-09-23,3.1656,6.6794
2015-09-24,3.1465,6.6783
2015-09-25,3.1369,6.6642
2015-09-28,3.1058,6.6608
2015-09-29,3.0689,6.6754
2015-09-30,3.0651,6.6769
2015-10-08,3.0554,6.6816
2015-10-09,2.9843,6.6659
2015-10-10,2.9638,6.655
2015-10-12,2.9741,6.6262
2015-10-13,2.9324,6.5873
2015-10-14,2.8801,6.5657
2015-10-15,2.9158,6.4862
2015-10-16,2.9767,6.477
2015-10-19,2.9793,6.5207
2015-10-20,2.9149,6.5549
2015-10-21,2.9182,6.5407
2015-10-22,2.9053,6.4968
2015-10-23,2.8951,6.5193
2015-10-26,2.8644,6.4899
2015-10-27,2.8191,6.4283
2015-10-28,2.8295,6.3774
2015-10-29,2.9036,6.3473
2015-10-30,2.9236,6.2596
2015-11-02,2.9156,6.257
2015-11-03,2.9409,6.258
2015-11-04,2.9867,6.2912
2015-11-05,2.9792,6.3119
2015-11-06,2.9774,6.3227
2015-11-09,3.062,6.3007
2015-11-10,3.0663,6.3677
2015-11-11,3.0316,6.4228
2015-11-12,3.0182,6.4667
2015-11-13,2.9941,6.4658
2015-11-16,2.9891,6.4646
2015-11-17,3.0054,6.4397
2015-11-18,3.0234,6.4903
2015-11-19,3.0119,6.4858
2015-11-20,2.9877,6.4682
2015-11-23,2.9986,6.4361
2015-11-24,2.9727,6.4164
2015-11-25,2.9479,6.4125
2015-11-26,2.9148,6.4122
2015-11-27,2.9064,6.3678
2015-11-30,2.8896,6.3462
2015-12-01,2.8953,6.3201
2015-12-02,2.908,6.3378
2015-12-03,2.8746,6.3351
2015-12-04,2.8756,6.3211
2015-12-07,2.874,6.2955
2015-12-08,2.8477,6.2753
2015-12-09,2.8303,6.2583
2015-12-10,2.8356,6.27
2015-12-11,2.8256,6.2837
2015-12-14,2.8516,6.2771
2015-12-15,2.8334,6.2739
2015-12-16,2.8276,6.2936
2015-12-17,2.773,6.3037
2015-12-18,2.7405,6.3072
2015-12-21,2.7071,6.325
2015-12-22,2.6693,6.2618
2015-12-23,2.6866,6.1766
2015-12-24,2.67,6.158
2015-12-25,2.6631,6.1218
2015-12-28,2.6661,6.1352
2015-12-29,2.6686,6.1121
2015-12-30,2.7111,6.0931
2015-12-31,2.711,6.0941
2016-01-04,2.7593,6.1182
2016-01-05,2.7976,6.1177
2016-01-06,2.7683,6.1489
2016-01-07,2.7629,6.1118
2016-01-08,2.7436,6.0696
2016-01-11,2.7004,6.0287
2016-01-12,2.6691,6.0295
2016-01-13,2.6057,5.971
2016-01-14,2.6146,5.9425
2016-01-15,2.6338,5.901
2016-01-18,2.6495,5.9366
2016-01-19,2.6712,5.9686
2016-01-20,2.7003,6.0053
2016-01-21,2.6775,5.9924
2016-01-22,2.6728,6.0102
2016-01-25,2.7602,5.9924
2016-01-26,2.773,6.0345
2016-01-27,2.8106,6.034
2016-01-28,2.7914,6.0633
2016-01-29,2.7583,6.0816
2016-02-01,,6.0571
2016-02-02,,6.0241
2016-02-03,,6.0375
2016-02-04,,6.0608
2016-02-05,,6.0624
2016-02-06,,6.0659
2016-02-14,,6.0658
2016-02-15,,6.0428
2016-02-16,,6.0146
2016-02-17,,6.0361
2016-02-18,,6.0351
2016-02-19,,6.0375
2016-02-22,,6.0118
2016-02-23,,5.9972
2016-02-24,,5.9972
2016-02-25,,5.9983
2016-02-26,,5.9863
2016-02-29,,6.0096
2016-03-01,,6.0302
2016-03-02,,5.9935
2016-03-03,,6.0406
2016-03-04,,5.9821
2016-03-07,,5.9986
2016-03-08,,6
2016-03-09,,5.9988
2016-03-10,,5.9709
2016-03-11,,5.9545
2016-03-14,,5.9187
2016-03-15,,5.9188
2016-03-16,,5.9236
2016-03-17,,5.9313
2016-03-18,,5.9153
2016-03-21,,5.905
2016-03-22,,5.8865
2016-03-23,,5.9351
2016-03-24,,5.9043
2016-03-25,,5.8864
2016-03-28,,5.9242
2016-03-29,,5.9389
2016-03-30,,5.9564
2016-03-31,,5.9522
2016-04-01,,5.9309
2016-04-05,,5.926
2016-04-06,,5.9583
2016-04-07,,5.9928
2016-04-08,,6.0267
2016-04-11,,6.0246
2016-04-12,,6.0677
2016-04-13,,6.1036
2016-04-14,,6.1412
2016-04-15,,6.2016
2016-04-18,,6.1928
2016-04-19,,6.1935
2016-04-20,,6.2117
2016-04-21,,6.242
2016-04-22,,6.2767
2016-04-25,,6.3584
2016-04-26,,6.5038
2016-04-27,,6.5007
2016-04-28,,6.4973
2016-04-29,,6.4933
2016-05-03,,6.4657
2016-05-04,,6.4577
2016-05-05,,6.4448
2016-05-06,,6.4336
2016-05-09,,6.4235
2016-05-10,,6.401
2016-05-11,,6.36
2016-05-12,,6.3283
2016-05-13,,6.3053
2016-05-16,,6.3112
2016-05-17,,6.2945
2016-05-18,,6.2748
2016-05-19,,6.2741
2016-05-20,,6.2735
2016-05-23,,6.2727
2016-05-24,,6.261
2016-05-25,,6.2478
2016-05-26,,6.2504
2016-05-27,,6.2589
2016-05-30,,6.2471
2016-05-31,,6.2506
2016-06-01,,6.2798
2016-06-02,,6.3131
2016-06-03,,6.2871
2016-06-06,,6.3124
2016-06-07,,6.3354
2016-06-08,,6.3357
2016-06-12,,6.3371
2016-06-13,,6.3591
2016-06-14,,6.3365
2016-06-15,,6.3091
2016-06-16,,6.3156
2016-06-17,,6.3068
2016-06-20,,6.3123
2016-06-21,,6.3047
2016-06-22,,6.2915
2016-06-23,,6.2906
2016-06-24,,6.2652
2016-06-27,,6.2589
2016-06-28,,6.2082
2016-06-29,,6.2259
2016-06-30,,6.2066
2016-07-01,,6.1886
2016-07-04,,6.1782
2016-07-05,,6.1369
2016-07-06,,6.1108
2016-07-07,,6.1238
2016-07-08,,6.0848
2016-07-11,,6.0537
2016-07-12,,6.0605
2016-07-13,,6.0445
2016-07-14,,6.0545
2016-07-15,,6.0596
2016-07-18,,6.0734
2016-07-19,,6.0523
2016-07-20,,6.0176
2016-07-21,,5.9722
2016-07-22,,5.9191
2016-07-25,,5.9017
2016-07-26,,5.9357
2016-07-27,,5.9465
2016-07-28,,5.9164
2016-07-29,,5.8919
2016-08-01,,5.8562
2016-08-02,,5.816
2016-08-03,,5.796
2016-08-04,,5.7873
2016-08-05,,5.7528
2016-08-08,,5.7558
2016-08-09,,5.7367
2016-08-10,,5.7449
2016-08-11,,5.6942
2016-08-12,,5.6916
2016-08-15,,5.6591
2016-08-16,,5.5994
2016-08-17,,5.6019
2016-08-18,,5.6146
2016-08-19,,5.5838
2016-08-22,,5.6069
2016-08-23,,5.6392
2016-08-24,,5.6067
2016-08-25,,5.6479
2016-08-26,,5.5961
2016-08-29,,5.5741
2016-08-30,,5.5752
2016-08-31,,5.6308
2016-09-01,,5.6097
2016-09-02,,5.5669
2016-09-05,,5.5631
2016-09-06,,5.5884
2016-09-07,,5.5652
2016-09-08,,5.5556
2016-09-09,,5.5258
2016-09-12,,5.4729
2016-09-13,,5.463
2016-09-14,,5.4424
2016-09-18,,5.4134
2016-09-19,,5.3695
2016-09-20,,5.339
2016-09-21,,5.3182
2016-09-22,,5.2773
2016-09-23,,5.2445
2016-09-26,,5.1806
2016-09-27,,5.1816
2016-09-28,,5.1816
2016-09-29,,5.1818
2016-09-30,,5.1824
2016-10-08,,5.1824
2016-10-09,,5.1835
2016-10-10,,5.1846
2016-10-11,,5.1314
2016-10-12,,5.1212
2016-10-13,,5.1188
2016-10-14,,5.1227
2016-10-17,,5.1015
2016-10-18,,5.0938
2016-10-19,,5.0805
2016-10-20,,5.0478
2016-10-21,,5.0272
2016-10-24,,5.0731
2016-10-25,,5.0559
2016-10-26,,5.0556
2016-10-27,,5.0929
2016-10-28,,5.1226
2016-10-31,,5.0828
2016-11-01,,5.0833
2016-11-02,,5.106
2016-11-03,,5.0857
2016-11-04,,5.0341
2016-11-07,,5.0288
2016-11-08,,5.037
2016-11-09,,5.0641
2016-11-10,,5.0933
2016-11-11,,5.0884
2016-11-14,,5.1015
2016-11-15,,5.1545
2016-11-16,,5.2025
2016-11-17,,5.2227
2016-11-18,,5.2571
2016-11-21,,5.2785
2016-11-22,,5.3066
2016-11-23,,5.309
2016-11-24,,5.2984
2016-11-25,,5.3252
2016-11-28,,5.3446
2016-11-29,,5.3442
2016-11-30,,5.3974
2016-12-01,,5.4448
2016-12-02,,5.5716
2016-12-05,,5.6122
2016-12-06,,5.639
2016-12-07,,5.7542
2016-12-08,,5.7684
2016-12-09,,5.7388
2016-12-12,,5.7266
2016-12-13,,5.7753
2016-12-14,,5.8859
2016-12-15,,5.9884
2016-12-16,,6.2323
2016-12-19,,6.2073
2016-12-20,,6.3527
2016-12-21,,6.3475
2016-12-22,,6.2633
2016-12-23,,6.0982
2016-12-26,,5.9037
2016-12-27,,6.0334
2016-12-28,,6.0635
2016-12-29,,6.0642
2016-12-30,,5.9908
2017-01-03,,5.9519
2017-01-04,,5.9526
2017-01-05,,5.9535
2017-01-06,,5.9564
2017-01-09,,5.958
2017-01-10,,5.9615
2017-01-11,,5.9357
2017-01-12,,5.9705
2017-01-13,,5.9705
2017-01-16,,5.8252
2017-01-17,,5.8861
2017-01-18,,5.9466
2017-01-19,,5.9809
2017-01-20,,6.0246
2017-01-22,,6.0081
2017-01-23,,5.9467